{
"type": "FeatureCollection",
"name": "australia_roads",
"crs": { "type": "name", "properties": { "name": "urn:ogc:def:crs:OGC:1.3:CRS84" } },
"features": [
{ "type": "Feature", "properties": { "scalerank": 9, "featurecla": "Road", "type": "Unknown", "edited": "New in version 2.0.0", "question": 0, "length_km": 6, "toll": 0, "ne_part": "global_basic", "labelrank": 0, "ignore": 0, "add": 0, "rwdb_rd_id": 65068, "orig_fid": 32527, "uident": 0, "continent": "Asia", "expressway": 0, "min_zoom": 7.6, "min_label": 10.1 }, "geometry": { "type": "MultiLineString", "coordinates": [ [ [ 124.011532158809885, -10.0 ], [ 123.987477, -10.028065 ] ] ] } },
{ "type": "Feature", "properties": { "scalerank": 4, "featurecla": "Road", "type": "Road", "edited": "New in version 2.0.0", "question": 0, "length_km": 164, "toll": 0, "ne_part": "global_basic", "labelrank": 0, "ignore": 0, "add": 0, "rwdb_rd_id": 65071, "orig_fid": 32529, "uident": 0, "continent": "Oceania", "expressway": 0, "min_zoom": 4.0, "min_label": 7.0 }, "geometry": { "type": "MultiLineString", "coordinates": [ [ [ 148.239079, -10.052811 ], [ 148.262517368271745, -10.0 ] ] ] } },
{ "type": "Feature", "properties": { "scalerank": 9, "featurecla": "Road", "type": "Unknown", "edited": "New in version 2.0.0", "question": 0, "length_km": 7, "toll": 0, "ne_part": "global_basic", "labelrank": 0, "ignore": 0, "add": 0, "rwdb_rd_id": 65079, "orig_fid": 32533, "uident": 0, "continent": "Oceania", "expressway": 0, "min_zoom": 7.6, "min_label": 10.1 }, "geometry": { "type": "MultiLineString", "coordinates": [ [ [ 148.181337, -10.077558 ], [ 148.239079, -10.052811 ] ] ] } },
{ "type": "Feature", "properties": { "scalerank": 3, "featurecla": "Road", "type": "Road", "edited": "New in version 2.0.0", "question": 0, "length_km": 22, "toll": 0, "ne_part": "global_basic", "labelrank": 0, "ignore": 0, "add": 0, "rwdb_rd_id": 65084, "orig_fid": 32538, "uident": 0, "continent": "Asia", "expressway": 0, "min_zoom": 3.0, "min_label": 6.0 }, "geometry": { "type": "MultiLineString", "coordinates": [ [ [ 123.818375, -10.118802 ], [ 123.987477, -10.028065 ] ] ] } },
{ "type": "Feature", "properties": { "scalerank": 4, "featurecla": "Road", "type": "Road", "edited": "New in version 2.0.0", "question": 0, "length_km": 24, "toll": 0, "ne_part": "global_basic", "labelrank": 0, "ignore": 0, "add": 0, "rwdb_rd_id": 65085, "orig_fid": 32539, "uident": 0, "continent": "Oceania", "expressway": 0, "min_zoom": 4.0, "min_label": 7.0 }, "geometry": { "type": "MultiLineString", "coordinates": [ [ [ 148.239079, -10.052811 ], [ 148.437052, -10.139424 ] ] ] } },
{ "type": "Feature", "properties": { "scalerank": 3, "featurecla": "Road", "type": "Road", "edited": "New in version 2.0.0", "question": 0, "length_km": 26, "toll": 0, "ne_part": "global_basic", "labelrank": 0, "ignore": 0, "add": 0, "rwdb_rd_id": 65090, "orig_fid": 32543, "uident": 0, "continent": "Asia", "expressway": 0, "min_zoom": 3.0, "min_label": 6.0 }, "geometry": { "type": "MultiLineString", "coordinates": [ [ [ 123.599781, -10.180668 ], [ 123.818375, -10.118802 ] ] ] } },
{ "type": "Feature", "properties": { "scalerank": 7, "featurecla": "Road", "type": "Unknown", "edited": "New in version 2.0.0", "question": 0, "length_km": 80, "toll": 0, "ne_part": "global_basic", "labelrank": 0, "ignore": 0, "add": 0, "rwdb_rd_id": 65094, "orig_fid": 32547, "uident": 0, "continent": "Asia", "expressway": 0, "min_zoom": 7.0, "min_label": 9.5 }, "geometry": { "type": "MultiLineString", "coordinates": [ [ [ 120.564206, -10.213664 ], [ 120.67969, -10.188917 ], [ 120.725059, -10.139424 ], [ 120.762179, -10.052811 ], [ 120.71098, -10.0 ] ] ] } },
{ "type": "Feature", "properties": { "scalerank": 9, "featurecla": "Road", "type": "Unknown", "edited": "New in version 2.0.0", "question": 0, "length_km": 135, "toll": 0, "ne_part": "global_basic", "labelrank": 0, "ignore": 0, "add": 0, "rwdb_rd_id": 65100, "orig_fid": 32552, "uident": 0, "continent": "Asia", "expressway": 0, "min_zoom": 7.6, "min_label": 10.1 }, "geometry": { "type": "MultiLineString", "coordinates": [ [ [ 120.402995332010846, -10.0 ], [ 120.308492, -10.102304 ], [ 120.242501, -10.085807 ], [ 120.188884, -10.110553 ], [ 120.193008, -10.188917 ], [ 120.242501, -10.230161 ], [ 120.349736, -10.193042 ], [ 120.378607, -10.23841 ], [ 120.46522, -10.250784 ], [ 120.481718, -10.197166 ], [ 120.564206, -10.213664 ] ] ] } },
{ "type": "Feature", "properties": { "scalerank": 9, "featurecla": "Road", "type": "Unknown", "edited": "New in version 2.0.0", "question": 0, "length_km": 50, "toll": 0, "ne_part": "global_basic", "labelrank": 0, "ignore": 0, "add": 0, "rwdb_rd_id": 65111, "orig_fid": 32558, "uident": 0, "continent": "Asia", "expressway": 0, "min_zoom": 7.6, "min_label": 10.1 }, "geometry": { "type": "MultiLineString", "coordinates": [ [ [ 123.599781, -10.180668 ], [ 123.727638, -10.292028 ], [ 123.834873, -10.267281 ], [ 123.818375, -10.118802 ] ] ] } },
{ "type": "Feature", "properties": { "scalerank": 8, "featurecla": "Road", "type": "Unknown", "edited": "New in version 2.0.0", "question": 0, "length_km": 23, "toll": 0, "ne_part": "global_basic", "labelrank": 0, "ignore": 0, "add": 0, "rwdb_rd_id": 65113, "orig_fid": 32560, "uident": 0, "continent": "Oceania", "expressway": 0, "min_zoom": 7.1, "min_label": 9.6 }, "geometry": { "type": "MultiLineString", "coordinates": [ [ [ 150.239424, -10.287903 ], [ 150.437396, -10.296152 ] ] ] } },
{ "type": "Feature", "properties": { "scalerank": 9, "featurecla": "Road", "type": "Unknown", "edited": "New in version 2.0.0", "question": 0, "length_km": 24, "toll": 0, "ne_part": "global_basic", "labelrank": 0, "ignore": 0, "add": 0, "rwdb_rd_id": 65153, "orig_fid": 32587, "uident": 0, "continent": "Asia", "expressway": 0, "min_zoom": 7.6, "min_label": 10.1 }, "geometry": { "type": "MultiLineString", "coordinates": [ [ [ 123.327569, -10.597235 ], [ 123.286325, -10.522995 ], [ 123.39356, -10.465254 ] ] ] } },
{ "type": "Feature", "properties": { "scalerank": 7, "featurecla": "Road", "type": "Unknown", "edited": "New in version 2.0.0", "question": 0, "length_km": 144, "toll": 0, "ne_part": "global_basic", "labelrank": 0, "ignore": 0, "add": 0, "rwdb_rd_id": 65210, "orig_fid": 32631, "uident": 0, "continent": "Asia", "expressway": 0, "min_zoom": 7.0, "min_label": 9.5 }, "geometry": { "type": "MultiLineString", "coordinates": [ [ [ 123.327569, -10.597235 ], [ 123.133721, -10.663226 ], [ 123.009989, -10.770461 ], [ 122.915127, -10.753963 ], [ 122.840887, -10.873571 ], [ 123.063606, -10.828203 ], [ 123.195588, -10.766336 ], [ 123.381187, -10.626106 ], [ 123.327569, -10.597235 ] ] ] } },
{ "type": "Feature", "properties": { "scalerank": 3, "featurecla": "Road", "type": "Major Highway", "edited": "New in version 2.0.0", "question": 0, "length_km": 30, "toll": 0, "ne_part": "global_basic", "labelrank": 0, "ignore": 0, "add": 0, "rwdb_rd_id": 65472, "orig_fid": 32819, "uident": 0, "continent": "Oceania", "expressway": 1, "min_zoom": 3.0, "min_label": 6.0 }, "geometry": { "type": "MultiLineString", "coordinates": [ [ [ 130.875262, -12.42023 ], [ 131.007243, -12.457349 ], [ 131.077358, -12.568709 ] ] ] } },
{ "type": "Feature", "properties": { "scalerank": 6, "featurecla": "Road", "type": "Major Highway", "edited": "New in version 2.0.0", "question": 0, "length_km": 209, "toll": 0, "ne_part": "global_basic", "labelrank": 0, "ignore": 0, "add": 0, "rwdb_rd_id": 65491, "orig_fid": 32835, "uident": 0, "continent": "Oceania", "expressway": 0, "min_zoom": 6.0, "min_label": 8.5 }, "geometry": { "type": "MultiLineString", "coordinates": [ [ [ 131.077358, -12.568709 ], [ 131.287704, -12.593455 ], [ 131.613533, -12.828547 ], [ 131.757888, -12.77493 ], [ 132.025976, -12.770806 ], [ 132.174455, -12.733686 ], [ 132.582773, -12.56046 ], [ 132.826114, -12.59758 ] ] ] } },
{ "type": "Feature", "properties": { "scalerank": 6, "featurecla": "Road", "type": "Major Highway", "edited": "New in version 2.0.0", "question": 0, "length_km": 48, "toll": 0, "ne_part": "global_basic", "labelrank": 0, "ignore": 0, "add": 0, "rwdb_rd_id": 65497, "orig_fid": 32839, "uident": 0, "continent": "Oceania", "expressway": 0, "min_zoom": 6.0, "min_label": 8.5 }, "geometry": { "type": "MultiLineString", "coordinates": [ [ [ 132.826114, -12.59758 ], [ 132.743625, -12.762557 ], [ 132.53328, -12.906911 ] ] ] } },
{ "type": "Feature", "properties": { "scalerank": 6, "featurecla": "Road", "type": "Secondary Highway", "edited": "New in version 2.0.0", "question": 0, "length_km": 278, "toll": 0, "ne_part": "global_basic", "labelrank": 0, "ignore": 0, "add": 0, "rwdb_rd_id": 65514, "orig_fid": 32854, "uident": 0, "continent": "Oceania", "expressway": 0, "min_zoom": 6.0, "min_label": 8.5 }, "geometry": { "type": "MultiLineString", "coordinates": [ [ [ 142.732976, -13.018271 ], [ 142.526755, -12.115022 ], [ 142.609243, -12.090276 ], [ 142.59687, -11.855184 ], [ 142.658736, -11.731451 ], [ 142.349404, -11.45099 ], [ 142.254543, -11.154032 ], [ 142.287538, -11.129285 ], [ 142.370027, -11.174654 ], [ 142.386524, -10.91894 ] ] ] } },
{ "type": "Feature", "properties": { "scalerank": 4, "featurecla": "Road", "type": "Secondary Highway", "edited": "New in version 2.0.0", "question": 0, "length_km": 132, "toll": 0, "ne_part": "global_basic", "labelrank": 0, "ignore": 0, "add": 0, "rwdb_rd_id": 65515, "orig_fid": 32855, "uident": 0, "continent": "Oceania", "expressway": 0, "min_zoom": 4.0, "min_label": 7.0 }, "geometry": { "type": "MultiLineString", "coordinates": [ [ [ 142.732976, -13.018271 ], [ 142.353529, -12.964653 ], [ 142.324658, -12.816174 ], [ 142.353529, -12.692442 ], [ 142.258667, -12.618202 ], [ 142.085441, -12.663571 ], [ 141.866847, -12.655322 ] ] ] } },
{ "type": "Feature", "properties": { "scalerank": 6, "featurecla": "Road", "type": "Major Highway", "edited": "New in version 2.0.0", "question": 0, "length_km": 105, "toll": 0, "ne_part": "global_basic", "labelrank": 0, "ignore": 0, "add": 0, "rwdb_rd_id": 65626, "orig_fid": 32933, "uident": 0, "continent": "Oceania", "expressway": 0, "min_zoom": 6.0, "min_label": 8.5 }, "geometry": { "type": "MultiLineString", "coordinates": [ [ [ 132.53328, -12.906911 ], [ 132.475538, -13.005898 ], [ 132.500284, -13.137879 ], [ 132.277565, -13.315229 ], [ 132.261068, -13.414215 ], [ 132.289939, -13.546197 ], [ 132.149708, -13.661681 ] ] ] } },
{ "type": "Feature", "properties": { "scalerank": 6, "featurecla": "Road", "type": "Major Highway", "edited": "New in version 2.0.0", "question": 0, "length_km": 40, "toll": 0, "ne_part": "global_basic", "labelrank": 0, "ignore": 0, "add": 0, "rwdb_rd_id": 65646, "orig_fid": 32948, "uident": 0, "continent": "Oceania", "expressway": 0, "min_zoom": 6.0, "min_label": 8.5 }, "geometry": { "type": "MultiLineString", "coordinates": [ [ [ 132.149708, -13.661681 ], [ 131.910492, -13.723547 ], [ 131.832128, -13.793662 ] ] ] } },
{ "type": "Feature", "properties": { "scalerank": 3, "featurecla": "Road", "type": "Major Highway", "edited": "New in version 2.0.0", "question": 0, "length_km": 178, "toll": 0, "ne_part": "global_basic", "labelrank": 0, "ignore": 0, "add": 0, "rwdb_rd_id": 65647, "orig_fid": 32949, "uident": 0, "continent": "Oceania", "expressway": 0, "min_zoom": 3.0, "min_label": 6.0 }, "geometry": { "type": "MultiLineString", "coordinates": [ [ [ 131.077358, -12.568709 ], [ 131.168096, -12.840921 ], [ 131.122727, -13.220368 ], [ 131.250584, -13.401842 ], [ 131.42381, -13.488455 ], [ 131.576414, -13.628685 ], [ 131.646529, -13.620436 ], [ 131.683649, -13.694676 ], [ 131.832128, -13.793662 ] ] ] } },
{ "type": "Feature", "properties": { "scalerank": 3, "featurecla": "Road", "type": "Major Highway", "edited": "New in version 2.0.0", "question": 0, "length_km": 91, "toll": 0, "ne_part": "global_basic", "labelrank": 0, "ignore": 0, "add": 0, "rwdb_rd_id": 65727, "orig_fid": 33008, "uident": 0, "continent": "Oceania", "expressway": 0, "min_zoom": 3.0, "min_label": 6.0 }, "geometry": { "type": "MultiLineString", "coordinates": [ [ [ 131.832128, -13.793662 ], [ 131.88987, -13.892648 ], [ 131.893994, -13.991634 ], [ 132.079593, -14.280344 ], [ 132.289939, -14.437072 ] ] ] } },
{ "type": "Feature", "properties": { "scalerank": 3, "featurecla": "Road", "type": "Major Highway", "edited": "New in version 2.0.0", "question": 0, "length_km": 102, "toll": 0, "ne_part": "global_basic", "labelrank": 0, "ignore": 0, "add": 0, "rwdb_rd_id": 65818, "orig_fid": 33079, "uident": 0, "continent": "Oceania", "expressway": 0, "min_zoom": 3.0, "min_label": 6.0 }, "geometry": { "type": "MultiLineString", "coordinates": [ [ [ 132.289939, -14.437072 ], [ 132.3848, -14.457694 ], [ 132.657012, -14.606173 ], [ 133.048832, -14.936127 ] ] ] } },
{ "type": "Feature", "properties": { "scalerank": 3, "featurecla": "Road", "type": "Major Highway", "edited": "New in version 2.0.0", "question": 0, "length_km": 123, "toll": 0, "ne_part": "global_basic", "labelrank": 0, "ignore": 0, "add": 0, "rwdb_rd_id": 65873, "orig_fid": 33121, "uident": 0, "continent": "Oceania", "expressway": 0, "min_zoom": 3.0, "min_label": 6.0 }, "geometry": { "type": "MultiLineString", "coordinates": [ [ [ 132.289939, -14.437072 ], [ 132.240446, -14.519561 ], [ 131.939363, -14.758777 ], [ 131.865123, -14.919629 ], [ 131.572289, -15.282579 ] ] ] } },
{ "type": "Feature", "properties": { "scalerank": 6, "featurecla": "Road", "type": "Major Highway", "edited": "New in version 2.0.0", "question": 0, "length_km": 10, "toll": 0, "ne_part": "global_basic", "labelrank": 0, "ignore": 0, "add": 0, "rwdb_rd_id": 65910, "orig_fid": 33144, "uident": 0, "continent": "Oceania", "expressway": 0, "min_zoom": 6.0, "min_label": 8.5 }, "geometry": { "type": "MultiLineString", "coordinates": [ [ [ 128.173765, -15.52592 ], [ 128.095401, -15.472302 ] ] ] } },
{ "type": "Feature", "properties": { "scalerank": 7, "featurecla": "Road", "type": "Secondary Highway", "edited": "New in version 2.0.0", "question": 0, "length_km": 79, "toll": 0, "ne_part": "global_basic", "labelrank": 0, "ignore": 0, "add": 0, "rwdb_rd_id": 66002, "orig_fid": 33216, "uident": 0, "continent": "Oceania", "expressway": 0, "min_zoom": 7.0, "min_label": 9.5 }, "geometry": { "type": "MultiLineString", "coordinates": [ [ [ 145.240624, -15.459929 ], [ 145.195256, -15.509422 ], [ 145.187007, -15.690896 ], [ 145.02203, -15.678523 ], [ 144.989035, -15.752763 ], [ 144.811684, -15.859998 ] ] ] } },
{ "type": "Feature", "properties": { "scalerank": 4, "featurecla": "Road", "type": "Secondary Highway", "edited": "New in version 2.0.0", "question": 0, "length_km": 411, "toll": 0, "ne_part": "global_basic", "labelrank": 0, "ignore": 0, "add": 0, "rwdb_rd_id": 66003, "orig_fid": 33217, "uident": 0, "continent": "Oceania", "expressway": 0, "min_zoom": 4.0, "min_label": 7.0 }, "geometry": { "type": "MultiLineString", "coordinates": [ [ [ 144.811684, -15.859998 ], [ 144.687952, -15.831127 ], [ 144.642583, -15.752763 ], [ 144.399242, -15.563039 ], [ 144.06104, -15.373316 ], [ 143.491869, -14.915505 ], [ 143.281524, -14.189607 ], [ 143.211409, -14.177233 ], [ 143.137169, -13.855529 ], [ 142.794842, -13.269861 ], [ 142.732976, -13.018271 ] ] ] } },
{ "type": "Feature", "properties": { "scalerank": 4, "featurecla": "Road", "type": "Major Highway", "edited": "New in version 2.0.0", "question": 0, "length_km": 49, "toll": 0, "ne_part": "global_basic", "labelrank": 0, "ignore": 0, "add": 0, "rwdb_rd_id": 66014, "orig_fid": 33228, "uident": 0, "continent": "Oceania", "expressway": 0, "min_zoom": 4.0, "min_label": 7.0 }, "geometry": { "type": "MultiLineString", "coordinates": [ [ [ 128.400608, -15.884744 ], [ 128.342867, -15.855873 ], [ 128.272751, -15.748638 ], [ 128.24388, -15.612532 ], [ 128.173765, -15.52592 ] ] ] } },
{ "type": "Feature", "properties": { "scalerank": 3, "featurecla": "Road", "type": "Major Highway", "edited": "New in version 2.0.0", "question": 0, "length_km": 410, "toll": 0, "ne_part": "global_basic", "labelrank": 0, "ignore": 0, "add": 0, "rwdb_rd_id": 66056, "orig_fid": 33256, "uident": 0, "continent": "Oceania", "expressway": 0, "min_zoom": 3.0, "min_label": 6.0 }, "geometry": { "type": "MultiLineString", "coordinates": [ [ [ 131.572289, -15.282579 ], [ 131.518672, -15.369192 ], [ 131.254709, -15.558915 ], [ 131.122727, -15.596035 ], [ 130.965999, -15.575413 ], [ 130.81752, -15.682648 ], [ 130.669041, -15.736265 ], [ 130.537059, -15.723892 ], [ 130.471068, -15.645528 ], [ 130.310216, -15.563039 ], [ 129.687428, -15.971357 ], [ 129.551322, -15.950735 ], [ 129.110009, -16.045597 ], [ 129.052267, -15.958984 ], [ 128.957405, -15.967233 ], [ 128.895539, -15.876495 ], [ 128.755309, -15.781634 ], [ 128.594456, -15.794007 ], [ 128.400608, -15.884744 ] ] ] } },
{ "type": "Feature", "properties": { "scalerank": 4, "featurecla": "Road", "type": "Secondary Highway", "edited": "New in version 2.0.0", "question": 0, "length_km": 51, "toll": 0, "ne_part": "global_basic", "labelrank": 0, "ignore": 0, "add": 0, "rwdb_rd_id": 66124, "orig_fid": 33306, "uident": 0, "continent": "Oceania", "expressway": 0, "min_zoom": 4.0, "min_label": 7.0 }, "geometry": { "type": "MultiLineString", "coordinates": [ [ [ 144.66733, -16.305435 ], [ 144.811684, -15.859998 ] ] ] } },
{ "type": "Feature", "properties": { "scalerank": 3, "featurecla": "Road", "type": "Major Highway", "edited": "New in version 2.0.0", "question": 0, "length_km": 161, "toll": 0, "ne_part": "global_basic", "labelrank": 0, "ignore": 0, "add": 0, "rwdb_rd_id": 66131, "orig_fid": 33312, "uident": 0, "continent": "Oceania", "expressway": 0, "min_zoom": 3.0, "min_label": 6.0 }, "geometry": { "type": "MultiLineString", "coordinates": [ [ [ 133.048832, -14.936127 ], [ 133.180814, -15.513546 ], [ 133.349915, -15.711519 ], [ 133.415906, -15.913615 ], [ 133.407657, -16.202325 ], [ 133.374662, -16.326057 ] ] ] } },
{ "type": "Feature", "properties": { "scalerank": 6, "featurecla": "Road", "type": "Secondary Highway", "edited": "New in version 2.0.0", "question": 0, "length_km": 248, "toll": 0, "ne_part": "global_basic", "labelrank": 0, "ignore": 0, "add": 0, "rwdb_rd_id": 66180, "orig_fid": 33348, "uident": 0, "continent": "Oceania", "expressway": 0, "min_zoom": 6.0, "min_label": 8.5 }, "geometry": { "type": "MultiLineString", "coordinates": [ [ [ 128.173765, -15.52592 ], [ 128.136645, -15.637279 ], [ 127.909802, -15.66615 ], [ 127.856185, -15.802256 ], [ 127.299388, -15.909491 ], [ 127.06842, -16.016726 ], [ 126.829204, -16.033223 ], [ 126.519872, -16.156956 ], [ 126.503374, -16.437417 ], [ 126.458006, -16.466288 ] ] ] } },
{ "type": "Feature", "properties": { "scalerank": 6, "featurecla": "Road", "type": "Secondary Highway", "edited": "New in version 2.0.0", "question": 0, "length_km": 461, "toll": 0, "ne_part": "global_basic", "labelrank": 0, "ignore": 0, "add": 0, "rwdb_rd_id": 66246, "orig_fid": 33397, "uident": 0, "continent": "Oceania", "expressway": 0, "min_zoom": 6.0, "min_label": 8.5 }, "geometry": { "type": "MultiLineString", "coordinates": [ [ [ 133.048832, -14.936127 ], [ 133.345791, -14.969123 ], [ 133.679869, -14.837141 ], [ 133.81185, -14.878385 ], [ 133.914961, -14.857763 ], [ 134.042818, -14.915505 ], [ 134.298532, -14.742279 ], [ 134.45526, -14.701035 ], [ 134.603739, -14.828892 ], [ 134.752219, -14.767026 ], [ 134.979062, -14.820643 ], [ 135.230652, -15.105228 ], [ 135.296642, -15.369192 ], [ 135.766827, -16.338431 ], [ 135.733831, -16.672509 ] ] ] } },
{ "type": "Feature", "properties": { "scalerank": 7, "featurecla": "Road", "type": "Secondary Highway", "edited": "New in version 2.0.0", "question": 0, "length_km": 274, "toll": 0, "ne_part": "global_basic", "labelrank": 0, "ignore": 0, "add": 0, "rwdb_rd_id": 66260, "orig_fid": 33404, "uident": 0, "continent": "Oceania", "expressway": 0, "min_zoom": 7.0, "min_label": 9.5 }, "geometry": { "type": "MultiLineString", "coordinates": [ [ [ 135.733831, -16.672509 ], [ 135.028555, -16.734375 ], [ 134.834707, -16.598269 ], [ 134.653233, -16.515781 ], [ 134.162426, -16.44979 ], [ 133.618003, -16.284813 ], [ 133.374662, -16.326057 ] ] ] } },
{ "type": "Feature", "properties": { "scalerank": 7, "featurecla": "Road", "type": "Major Highway", "edited": "New in version 2.0.0", "question": 0, "length_km": 56, "toll": 0, "ne_part": "global_basic", "labelrank": 0, "ignore": 0, "add": 0, "rwdb_rd_id": 66294, "orig_fid": 33425, "uident": 0, "continent": "Oceania", "expressway": 0, "min_zoom": 7.0, "min_label": 9.5 }, "geometry": { "type": "MultiLineString", "coordinates": [ [ [ 145.673689, -16.845735 ], [ 145.347859, -16.458039 ] ] ] } },
{ "type": "Feature", "properties": { "scalerank": 4, "featurecla": "Road", "type": "Secondary Highway", "edited": "New in version 2.0.0", "question": 0, "length_km": 122, "toll": 0, "ne_part": "global_basic", "labelrank": 0, "ignore": 0, "add": 0, "rwdb_rd_id": 66313, "orig_fid": 33437, "uident": 0, "continent": "Oceania", "expressway": 0, "min_zoom": 4.0, "min_label": 7.0 }, "geometry": { "type": "MultiLineString", "coordinates": [ [ [ 145.422099, -16.981841 ], [ 145.294242, -16.676633 ], [ 145.224127, -16.660136 ], [ 145.100394, -16.528154 ], [ 144.778689, -16.458039 ], [ 144.66733, -16.305435 ] ] ] } },
{ "type": "Feature", "properties": { "scalerank": 4, "featurecla": "Road", "type": "Major Highway", "edited": "New in version 2.0.0", "question": 0, "length_km": 37, "toll": 0, "ne_part": "global_basic", "labelrank": 0, "ignore": 0, "add": 0, "rwdb_rd_id": 66314, "orig_fid": 33438, "uident": 0, "continent": "Oceania", "expressway": 0, "min_zoom": 4.0, "min_label": 7.0 }, "geometry": { "type": "MultiLineString", "coordinates": [ [ [ 145.422099, -16.981841 ], [ 145.48809, -16.981841 ], [ 145.578827, -16.84161 ], [ 145.673689, -16.845735 ] ] ] } },
{ "type": "Feature", "properties": { "scalerank": 6, "featurecla": "Road", "type": "Secondary Highway", "edited": "New in version 2.0.0", "question": 0, "length_km": 110, "toll": 0, "ne_part": "global_basic", "labelrank": 0, "ignore": 0, "add": 0, "rwdb_rd_id": 66426, "orig_fid": 33510, "uident": 0, "continent": "Oceania", "expressway": 0, "min_zoom": 6.0, "min_label": 8.5 }, "geometry": { "type": "MultiLineString", "coordinates": [ [ [ 145.422099, -16.981841 ], [ 145.31074, -17.027209 ], [ 145.285993, -17.101449 ], [ 145.005532, -17.179813 ], [ 144.918919, -17.328292 ], [ 144.786938, -17.361287 ], [ 144.609588, -17.336541 ] ] ] } },
{ "type": "Feature", "properties": { "scalerank": 6, "featurecla": "Road", "type": "Secondary Highway", "edited": "New in version 2.0.0", "question": 0, "length_km": 534, "toll": 0, "ne_part": "global_basic", "labelrank": 0, "ignore": 0, "add": 0, "rwdb_rd_id": 66462, "orig_fid": 33534, "uident": 0, "continent": "Oceania", "expressway": 0, "min_zoom": 6.0, "min_label": 8.5 }, "geometry": { "type": "MultiLineString", "coordinates": [ [ [ 144.609588, -17.336541 ], [ 144.560095, -17.299421 ], [ 144.518851, -17.196311 ], [ 144.382745, -17.105573 ], [ 144.217768, -16.936472 ], [ 144.172399, -16.825113 ], [ 144.015671, -16.70138 ], [ 143.962054, -16.557025 ], [ 143.372261, -16.536403 ], [ 143.046432, -16.404421 ], [ 142.873206, -16.222947 ], [ 142.436017, -16.024975 ], [ 142.349404, -16.041472 ], [ 142.279289, -16.107463 ], [ 142.163805, -16.338431 ], [ 142.068944, -16.41267 ], [ 142.019451, -16.643638 ], [ 141.924589, -16.717878 ], [ 141.945211, -16.91585 ], [ 141.81323, -17.101449 ], [ 141.623506, -17.266426 ], [ 141.1327, -17.460274 ] ] ] } },
{ "type": "Feature", "properties": { "scalerank": 6, "featurecla": "Road", "type": "Major Highway", "edited": "New in version 2.0.0", "question": 0, "length_km": 34, "toll": 0, "ne_part": "global_basic", "labelrank": 0, "ignore": 0, "add": 0, "rwdb_rd_id": 66463, "orig_fid": 33535, "uident": 0, "continent": "Oceania", "expressway": 0, "min_zoom": 6.0, "min_label": 8.5 }, "geometry": { "type": "MultiLineString", "coordinates": [ [ [ 140.852239, -17.452025 ], [ 141.107953, -17.431403 ], [ 141.1327, -17.460274 ] ] ] } },
{ "type": "Feature", "properties": { "scalerank": 9, "featurecla": "Road", "type": "Secondary Highway", "edited": "New in version 2.0.0", "question": 0, "length_km": 300, "toll": 0, "ne_part": "global_basic", "labelrank": 0, "ignore": 0, "add": 0, "rwdb_rd_id": 66469, "orig_fid": 33539, "uident": 0, "continent": "Oceania", "expressway": 0, "min_zoom": 7.6, "min_label": 10.1 }, "geometry": { "type": "MultiLineString", "coordinates": [ [ [ 131.572289, -15.282579 ], [ 131.630031, -15.641403 ], [ 131.832128, -15.851749 ], [ 131.943487, -16.049721 ], [ 131.968234, -16.123961 ], [ 131.95586, -16.354928 ], [ 131.654778, -16.7385 ], [ 131.559916, -16.808615 ], [ 131.448556, -16.961218 ], [ 131.312451, -17.027209 ], [ 131.205216, -17.212808 ], [ 130.965999, -17.402532 ], [ 130.933004, -17.472647 ] ] ] } },
{ "type": "Feature", "properties": { "scalerank": 3, "featurecla": "Road", "type": "Major Highway", "edited": "New in version 2.0.0", "question": 0, "length_km": 84, "toll": 0, "ne_part": "global_basic", "labelrank": 0, "ignore": 0, "add": 0, "rwdb_rd_id": 66485, "orig_fid": 33551, "uident": 0, "continent": "Oceania", "expressway": 0, "min_zoom": 3.0, "min_label": 6.0 }, "geometry": { "type": "MultiLineString", "coordinates": [ [ [ 145.962398, -17.518015 ], [ 145.871661, -17.394283 ], [ 145.87991, -17.311794 ], [ 145.838666, -17.179813 ], [ 145.723182, -17.05608 ], [ 145.710809, -16.899352 ], [ 145.673689, -16.845735 ] ] ] } },
{ "type": "Feature", "properties": { "scalerank": 6, "featurecla": "Road", "type": "Major Highway", "edited": "New in version 2.0.0", "question": 0, "length_km": 70, "toll": 0, "ne_part": "global_basic", "labelrank": 0, "ignore": 0, "add": 0, "rwdb_rd_id": 66502, "orig_fid": 33562, "uident": 0, "continent": "Oceania", "expressway": 0, "min_zoom": 6.0, "min_label": 8.5 }, "geometry": { "type": "MultiLineString", "coordinates": [ [ [ 145.496339, -17.59638 ], [ 145.455094, -17.468522 ], [ 145.492214, -17.394283 ], [ 145.471592, -17.249928 ], [ 145.409726, -17.113822 ], [ 145.422099, -16.981841 ] ] ] } },
{ "type": "Feature", "properties": { "scalerank": 6, "featurecla": "Road", "type": "Major Highway", "edited": "New in version 2.0.0", "question": 0, "length_km": 64, "toll": 0, "ne_part": "global_basic", "labelrank": 0, "ignore": 0, "add": 0, "rwdb_rd_id": 66509, "orig_fid": 33568, "uident": 0, "continent": "Oceania", "expressway": 0, "min_zoom": 6.0, "min_label": 8.5 }, "geometry": { "type": "MultiLineString", "coordinates": [ [ [ 145.962398, -17.518015 ], [ 145.793297, -17.621126 ], [ 145.5912, -17.501518 ], [ 145.496339, -17.59638 ] ] ] } },
{ "type": "Feature", "properties": { "scalerank": 6, "featurecla": "Road", "type": "Track", "edited": "New in version 2.0.0", "question": 0, "length_km": 237, "toll": 0, "ne_part": "global_basic", "labelrank": 0, "ignore": 0, "add": 0, "rwdb_rd_id": 66522, "orig_fid": 33578, "uident": 0, "continent": "Oceania", "expressway": 0, "min_zoom": 6.0, "min_label": 8.5 }, "geometry": { "type": "MultiLineString", "coordinates": [ [ [ 126.458006, -16.466288 ], [ 126.367268, -16.536403 ], [ 126.095056, -16.602394 ], [ 125.872338, -16.779744 ], [ 125.851716, -16.870481 ], [ 125.694988, -16.936472 ], [ 125.538259, -17.13032 ], [ 125.327914, -17.192186 ], [ 125.195932, -17.138569 ], [ 124.981462, -17.16744 ], [ 124.766993, -17.431403 ] ] ] } },
{ "type": "Feature", "properties": { "scalerank": 6, "featurecla": "Road", "type": "Major Highway", "edited": "New in version 2.0.0", "question": 0, "length_km": 32, "toll": 0, "ne_part": "global_basic", "labelrank": 0, "ignore": 0, "add": 0, "rwdb_rd_id": 66533, "orig_fid": 33585, "uident": 0, "continent": "Oceania", "expressway": 0, "min_zoom": 6.0, "min_label": 8.5 }, "geometry": { "type": "MultiLineString", "coordinates": [ [ [ 141.1327, -17.460274 ], [ 141.087331, -17.629375 ], [ 141.013092, -17.724237 ] ] ] } },
{ "type": "Feature", "properties": { "scalerank": 3, "featurecla": "Road", "type": "Major Highway", "edited": "New in version 2.0.0", "question": 0, "length_km": 151, "toll": 0, "ne_part": "global_basic", "labelrank": 0, "ignore": 0, "add": 0, "rwdb_rd_id": 66567, "orig_fid": 33616, "uident": 0, "continent": "Oceania", "expressway": 0, "min_zoom": 3.0, "min_label": 6.0 }, "geometry": { "type": "MultiLineString", "coordinates": [ [ [ 123.756509, -17.666495 ], [ 123.595657, -17.761356 ], [ 123.4678, -17.695366 ], [ 123.170841, -17.654121 ], [ 122.783145, -17.814974 ], [ 122.490311, -17.860343 ] ] ] } },
{ "type": "Feature", "properties": { "scalerank": 7, "featurecla": "Road", "type": "Track", "edited": "New in version 2.0.0", "question": 0, "length_km": 32, "toll": 0, "ne_part": "global_basic", "labelrank": 0, "ignore": 0, "add": 0, "rwdb_rd_id": 66574, "orig_fid": 33622, "uident": 0, "continent": "Oceania", "expressway": 0, "min_zoom": 7.0, "min_label": 9.5 }, "geometry": { "type": "MultiLineString", "coordinates": [ [ [ 139.272585, -17.893338 ], [ 139.507678, -17.732485 ] ] ] } },
{ "type": "Feature", "properties": { "scalerank": 9, "featurecla": "Road", "type": "Major Highway", "edited": "New in version 2.0.0", "question": 0, "length_km": 34, "toll": 0, "ne_part": "global_basic", "labelrank": 0, "ignore": 0, "add": 0, "rwdb_rd_id": 66605, "orig_fid": 33646, "uident": 0, "continent": "Oceania", "expressway": 0, "min_zoom": 7.6, "min_label": 10.1 }, "geometry": { "type": "MultiLineString", "coordinates": [ [ [ 122.490311, -17.860343 ], [ 122.263468, -17.897462 ], [ 122.2181, -17.959329 ] ] ] } },
{ "type": "Feature", "properties": { "scalerank": 6, "featurecla": "Road", "type": "Major Highway", "edited": "New in version 2.0.0", "question": 0, "length_km": 72, "toll": 0, "ne_part": "global_basic", "labelrank": 0, "ignore": 0, "add": 0, "rwdb_rd_id": 66606, "orig_fid": 33647, "uident": 0, "continent": "Oceania", "expressway": 0, "min_zoom": 6.0, "min_label": 8.5 }, "geometry": { "type": "MultiLineString", "coordinates": [ [ [ 141.574013, -17.959329 ], [ 141.376041, -17.955204 ], [ 141.161571, -17.897462 ], [ 141.013092, -17.724237 ] ] ] } },
{ "type": "Feature", "properties": { "scalerank": 6, "featurecla": "Road", "type": "Track", "edited": "New in version 2.0.0", "question": 0, "length_km": 457, "toll": 0, "ne_part": "global_basic", "labelrank": 0, "ignore": 0, "add": 0, "rwdb_rd_id": 66620, "orig_fid": 33658, "uident": 0, "continent": "Oceania", "expressway": 0, "min_zoom": 6.0, "min_label": 8.5 }, "geometry": { "type": "MultiLineString", "coordinates": [ [ [ 139.272585, -17.893338 ], [ 138.955005, -18.029444 ], [ 138.790028, -18.025319 ], [ 138.781779, -17.926333 ], [ 138.497194, -17.835596 ], [ 138.365213, -17.52214 ], [ 138.138369, -17.237555 ], [ 138.02701, -17.204559 ], [ 137.890904, -17.291172 ], [ 137.808416, -17.216933 ], [ 137.565075, -17.163315 ], [ 137.284614, -16.957094 ], [ 137.136135, -16.783868 ], [ 137.094891, -16.618891 ], [ 137.094891, -16.445666 ], [ 137.000029, -16.34668 ], [ 136.942287, -16.227071 ], [ 136.822679, -16.156956 ], [ 136.641204, -16.140458 ], [ 136.443232, -16.05797 ], [ 136.303001, -16.062094 ], [ 136.286504, -16.099214 ] ] ] } },
{ "type": "Feature", "properties": { "scalerank": 6, "featurecla": "Road", "type": "Major Highway", "edited": "New in version 2.0.0", "question": 0, "length_km": 113, "toll": 0, "ne_part": "global_basic", "labelrank": 0, "ignore": 0, "add": 0, "rwdb_rd_id": 66656, "orig_fid": 33685, "uident": 0, "continent": "Oceania", "expressway": 0, "min_zoom": 6.0, "min_label": 8.5 }, "geometry": { "type": "MultiLineString", "coordinates": [ [ [ 145.496339, -17.59638 ], [ 145.030279, -17.707739 ], [ 144.840555, -17.922209 ], [ 144.824058, -18.062439 ], [ 144.762191, -18.153177 ] ] ] } },
{ "type": "Feature", "properties": { "scalerank": 6, "featurecla": "Road", "type": "Major Highway", "edited": "New in version 2.0.0", "question": 0, "length_km": 133, "toll": 0, "ne_part": "global_basic", "labelrank": 0, "ignore": 0, "add": 0, "rwdb_rd_id": 66677, "orig_fid": 33703, "uident": 0, "continent": "Oceania", "expressway": 0, "min_zoom": 6.0, "min_label": 8.5 }, "geometry": { "type": "MultiLineString", "coordinates": [ [ [ 142.671109, -18.252163 ], [ 142.250418, -18.235665 ], [ 141.817354, -17.942831 ], [ 141.66475, -17.930458 ], [ 141.574013, -17.959329 ] ] ] } },
{ "type": "Feature", "properties": { "scalerank": 6, "featurecla": "Road", "type": "Major Highway", "edited": "New in version 2.0.0", "question": 0, "length_km": 243, "toll": 0, "ne_part": "global_basic", "labelrank": 0, "ignore": 0, "add": 0, "rwdb_rd_id": 66687, "orig_fid": 33711, "uident": 0, "continent": "Oceania", "expressway": 0, "min_zoom": 6.0, "min_label": 8.5 }, "geometry": { "type": "MultiLineString", "coordinates": [ [ [ 144.762191, -18.153177 ], [ 144.659081, -18.161425 ], [ 144.407491, -18.09131 ], [ 144.155901, -18.190296 ], [ 143.933183, -18.194421 ], [ 143.731086, -18.30578 ], [ 143.644473, -18.26866 ], [ 143.232031, -18.272785 ], [ 142.873206, -18.182047 ], [ 142.675234, -18.252163 ] ] ] } },
{ "type": "Feature", "properties": { "scalerank": 3, "featurecla": "Road", "type": "Major Highway", "edited": "New in version 2.0.0", "question": 0, "length_km": 823, "toll": 0, "ne_part": "global_basic", "labelrank": 0, "ignore": 0, "add": 0, "rwdb_rd_id": 66841, "orig_fid": 33817, "uident": 0, "continent": "Oceania", "expressway": 0, "min_zoom": 3.0, "min_label": 6.0 }, "geometry": { "type": "MultiLineString", "coordinates": [ [ [ 128.400608, -15.884744 ], [ 128.425355, -15.975482 ], [ 128.375862, -16.136334 ], [ 128.39236, -16.222947 ], [ 128.264503, -16.330182 ], [ 128.206761, -16.503408 ], [ 128.202636, -16.631265 ], [ 128.256254, -16.672509 ], [ 128.256254, -16.746749 ], [ 128.293373, -16.767371 ], [ 128.305747, -16.899352 ], [ 128.256254, -16.969467 ], [ 128.215009, -17.138569 ], [ 128.10365, -17.274675 ], [ 128.017037, -17.452025 ], [ 127.942798, -17.530389 ], [ 127.835563, -17.579882 ], [ 127.847936, -17.674744 ], [ 127.810816, -17.73661 ], [ 127.835563, -17.893338 ], [ 127.798443, -17.992324 ], [ 127.827314, -18.099559 ], [ 127.398374, -18.512001 ], [ 126.977683, -18.639858 ], [ 126.866323, -18.763591 ], [ 126.759088, -18.742969 ], [ 126.556992, -18.821333 ], [ 126.367268, -18.80896 ], [ 126.140425, -18.916195 ], [ 125.963075, -18.887324 ], [ 125.777476, -18.639858 ], [ 125.727983, -18.41714 ], [ 125.608375, -18.309905 ], [ 125.571255, -18.223292 ], [ 125.278421, -18.012946 ], [ 124.64326, -17.930458 ], [ 124.560771, -17.868591 ], [ 124.065841, -17.83972 ], [ 123.96273, -17.711863 ], [ 123.756509, -17.666495 ] ] ] } },
{ "type": "Feature", "properties": { "scalerank": 6, "featurecla": "Road", "type": "Major Highway", "edited": "New in version 2.0.0", "question": 0, "length_km": 187, "toll": 0, "ne_part": "global_basic", "labelrank": 0, "ignore": 0, "add": 0, "rwdb_rd_id": 66942, "orig_fid": 33894, "uident": 0, "continent": "Oceania", "expressway": 0, "min_zoom": 6.0, "min_label": 8.5 }, "geometry": { "type": "MultiLineString", "coordinates": [ [ [ 141.013092, -17.724237 ], [ 140.864612, -17.959329 ], [ 140.84399, -18.132554 ], [ 140.794497, -18.219167 ], [ 140.749129, -18.429513 ], [ 140.530534, -18.590365 ], [ 140.464543, -18.693476 ], [ 140.443921, -18.895573 ], [ 140.324313, -19.258522 ] ] ] } },
{ "type": "Feature", "properties": { "scalerank": 6, "featurecla": "Road", "type": "Track", "edited": "New in version 2.0.0", "question": 0, "length_km": 227, "toll": 0, "ne_part": "global_basic", "labelrank": 0, "ignore": 0, "add": 0, "rwdb_rd_id": 66943, "orig_fid": 33895, "uident": 0, "continent": "Oceania", "expressway": 0, "min_zoom": 6.0, "min_label": 8.5 }, "geometry": { "type": "MultiLineString", "coordinates": [ [ [ 140.324313, -19.258522 ], [ 140.105719, -19.143038 ], [ 139.895373, -18.80896 ], [ 139.701525, -18.751218 ], [ 139.507678, -18.648107 ], [ 139.367447, -18.664605 ], [ 139.247839, -18.619236 ], [ 139.280834, -18.450135 ], [ 139.206595, -18.149052 ], [ 139.227217, -17.975826 ], [ 139.272585, -17.893338 ] ] ] } },
{ "type": "Feature", "properties": { "scalerank": 3, "featurecla": "Road", "type": "Major Highway", "edited": "New in version 2.0.0", "question": 0, "length_km": 246, "toll": 0, "ne_part": "global_basic", "labelrank": 0, "ignore": 0, "add": 0, "rwdb_rd_id": 66962, "orig_fid": 33909, "uident": 0, "continent": "Oceania", "expressway": 0, "min_zoom": 3.0, "min_label": 6.0 }, "geometry": { "type": "MultiLineString", "coordinates": [ [ [ 145.962398, -17.518015 ], [ 145.991269, -17.703614 ], [ 145.863412, -18.107808 ], [ 146.152122, -18.524375 ], [ 146.1315, -18.821333 ], [ 146.477951, -19.16366 ], [ 146.622306, -19.250273 ], [ 146.80378, -19.299766 ] ] ] } },
{ "type": "Feature", "properties": { "scalerank": 3, "featurecla": "Road", "type": "Major Highway", "edited": "New in version 2.0.0", "question": 0, "length_km": 358, "toll": 0, "ne_part": "global_basic", "labelrank": 0, "ignore": 0, "add": 0, "rwdb_rd_id": 66991, "orig_fid": 33933, "uident": 0, "continent": "Oceania", "expressway": 0, "min_zoom": 3.0, "min_label": 6.0 }, "geometry": { "type": "MultiLineString", "coordinates": [ [ [ 133.374662, -16.326057 ], [ 133.374662, -16.495159 ], [ 133.333417, -16.59002 ], [ 133.399408, -16.734375 ], [ 133.403533, -16.977716 ], [ 133.453026, -17.179813 ], [ 133.428279, -17.423154 ], [ 133.618003, -17.670619 ], [ 133.700491, -17.934582 ], [ 133.737611, -18.223292 ], [ 133.844846, -18.388269 ], [ 134.166551, -19.101794 ], [ 134.211919, -19.45237 ] ] ] } },
{ "type": "Feature", "properties": { "scalerank": 7, "featurecla": "Road", "type": "Secondary Highway", "edited": "New in version 2.0.0", "question": 0, "length_km": 358, "toll": 0, "ne_part": "global_basic", "labelrank": 0, "ignore": 0, "add": 0, "rwdb_rd_id": 67079, "orig_fid": 33984, "uident": 0, "continent": "Oceania", "expressway": 0, "min_zoom": 7.0, "min_label": 9.5 }, "geometry": { "type": "MultiLineString", "coordinates": [ [ [ 135.733831, -16.672509 ], [ 135.754453, -16.750873 ], [ 135.725582, -16.849859 ], [ 135.7792, -17.101449 ], [ 135.663716, -17.204559 ], [ 135.638969, -17.274675 ], [ 135.618347, -17.439651 ], [ 135.659592, -17.707739 ], [ 135.585352, -18.000573 ], [ 135.770951, -18.252163 ], [ 136.034914, -18.730596 ], [ 136.076158, -19.138913 ], [ 136.03079, -19.464743 ], [ 135.857564, -19.736955 ] ] ] } },
{ "type": "Feature", "properties": { "scalerank": 3, "featurecla": "Road", "type": "Major Highway", "edited": "New in version 2.0.0", "question": 0, "length_km": 199, "toll": 0, "ne_part": "global_basic", "labelrank": 0, "ignore": 0, "add": 0, "rwdb_rd_id": 67080, "orig_fid": 33985, "uident": 0, "continent": "Oceania", "expressway": 0, "min_zoom": 3.0, "min_label": 6.0 }, "geometry": { "type": "MultiLineString", "coordinates": [ [ [ 134.211919, -19.45237 ], [ 134.385145, -19.460618 ], [ 134.574869, -19.357508 ], [ 135.06155, -19.291517 ], [ 135.49049, -19.464743 ], [ 135.857564, -19.736955 ] ] ] } },
{ "type": "Feature", "properties": { "scalerank": 3, "featurecla": "Road", "type": "Major Highway", "edited": "New in version 2.0.0", "question": 0, "length_km": 120, "toll": 0, "ne_part": "global_basic", "labelrank": 0, "ignore": 0, "add": 0, "rwdb_rd_id": 67187, "orig_fid": 34062, "uident": 0, "continent": "Oceania", "expressway": 0, "min_zoom": 3.0, "min_label": 6.0 }, "geometry": { "type": "MultiLineString", "coordinates": [ [ [ 146.246983, -20.054535 ], [ 146.787283, -19.80707 ], [ 146.820278, -19.538982 ], [ 146.80378, -19.299766 ] ] ] } },
{ "type": "Feature", "properties": { "scalerank": 6, "featurecla": "Road", "type": "Major Highway", "edited": "New in version 2.0.0", "question": 0, "length_km": 332, "toll": 0, "ne_part": "global_basic", "labelrank": 0, "ignore": 0, "add": 0, "rwdb_rd_id": 67188, "orig_fid": 34063, "uident": 0, "continent": "Oceania", "expressway": 0, "min_zoom": 6.0, "min_label": 8.5 }, "geometry": { "type": "MultiLineString", "coordinates": [ [ [ 144.762191, -18.153177 ], [ 144.696201, -18.648107 ], [ 144.55597, -18.759467 ], [ 144.547721, -18.899697 ], [ 144.687952, -19.019305 ], [ 145.02203, -19.006932 ], [ 145.187007, -19.114167 ], [ 145.31074, -19.130665 ], [ 145.603574, -19.37813 ], [ 145.752053, -19.580227 ], [ 145.772675, -19.675088 ], [ 146.205739, -19.91018 ], [ 146.246983, -20.054535 ] ] ] } },
{ "type": "Feature", "properties": { "scalerank": 3, "featurecla": "Road", "type": "Major Highway", "edited": "New in version 2.0.0", "question": 0, "length_km": 5, "toll": 0, "ne_part": "global_basic", "labelrank": 0, "ignore": 0, "add": 0, "rwdb_rd_id": 67198, "orig_fid": 34071, "uident": 0, "continent": "Oceania", "expressway": 0, "min_zoom": 3.0, "min_label": 6.0 }, "geometry": { "type": "MultiLineString", "coordinates": [ [ [ 146.205739, -20.075157 ], [ 146.246983, -20.054535 ] ] ] } },
{ "type": "Feature", "properties": { "scalerank": 3, "featurecla": "Road", "type": "Major Highway", "edited": "New in version 2.0.0", "question": 0, "length_km": 554, "toll": 0, "ne_part": "global_basic", "labelrank": 0, "ignore": 0, "add": 0, "rwdb_rd_id": 67297, "orig_fid": 34142, "uident": 0, "continent": "Oceania", "expressway": 0, "min_zoom": 3.0, "min_label": 6.0 }, "geometry": { "type": "MultiLineString", "coordinates": [ [ [ 118.827825, -20.396862 ], [ 118.976304, -20.392738 ], [ 119.273262, -20.285503 ], [ 119.566096, -20.281378 ], [ 119.776442, -20.095779 ], [ 119.99916, -20.000918 ], [ 120.291994, -19.980296 ], [ 120.638446, -19.835941 ], [ 120.89416, -19.84419 ], [ 121.174621, -19.76995 ], [ 121.57469, -19.320388 ], [ 121.669551, -19.027554 ], [ 121.805657, -18.800711 ], [ 122.073745, -18.462508 ], [ 122.234597, -18.326402 ], [ 122.440818, -18.256287 ], [ 122.568675, -18.120181 ], [ 122.597546, -18.012946 ], [ 122.477938, -17.922209 ], [ 122.490311, -17.860343 ] ] ] } },
{ "type": "Feature", "properties": { "scalerank": 3, "featurecla": "Road", "type": "Major Highway", "edited": "New in version 2.0.0", "question": 0, "length_km": 52, "toll": 0, "ne_part": "global_basic", "labelrank": 0, "ignore": 0, "add": 0, "rwdb_rd_id": 67361, "orig_fid": 34185, "uident": 0, "continent": "Oceania", "expressway": 0, "min_zoom": 3.0, "min_label": 6.0 }, "geometry": { "type": "MultiLineString", "coordinates": [ [ [ 118.827825, -20.396862 ], [ 118.600981, -20.396862 ], [ 118.456627, -20.582461 ] ] ] } },
{ "type": "Feature", "properties": { "scalerank": 6, "featurecla": "Road", "type": "Major Highway", "edited": "New in version 2.0.0", "question": 0, "length_km": 164, "toll": 0, "ne_part": "global_basic", "labelrank": 0, "ignore": 0, "add": 0, "rwdb_rd_id": 67387, "orig_fid": 34204, "uident": 0, "continent": "Oceania", "expressway": 0, "min_zoom": 6.0, "min_label": 8.5 }, "geometry": { "type": "MultiLineString", "coordinates": [ [ [ 140.324313, -19.258522 ], [ 140.258322, -19.41525 ], [ 140.262447, -19.691586 ], [ 140.217078, -19.848314 ], [ 140.2377, -19.918429 ], [ 140.217078, -20.12465 ], [ 140.316064, -20.417484 ], [ 140.530534, -20.685572 ] ] ] } },
{ "type": "Feature", "properties": { "scalerank": 3, "featurecla": "Road", "type": "Major Highway", "edited": "New in version 2.0.0", "question": 0, "length_km": 12, "toll": 0, "ne_part": "global_basic", "labelrank": 0, "ignore": 0, "add": 0, "rwdb_rd_id": 67389, "orig_fid": 34206, "uident": 0, "continent": "Oceania", "expressway": 0, "min_zoom": 3.0, "min_label": 6.0 }, "geometry": { "type": "MultiLineString", "coordinates": [ [ [ 140.530534, -20.685572 ], [ 140.641894, -20.693821 ] ] ] } },
{ "type": "Feature", "properties": { "scalerank": 3, "featurecla": "Road", "type": "Major Highway", "edited": "New in version 2.0.0", "question": 0, "length_km": 587, "toll": 0, "ne_part": "global_basic", "labelrank": 0, "ignore": 0, "add": 0, "rwdb_rd_id": 67431, "orig_fid": 34237, "uident": 0, "continent": "Oceania", "expressway": 0, "min_zoom": 3.0, "min_label": 6.0 }, "geometry": { "type": "MultiLineString", "coordinates": [ [ [ 135.857564, -19.736955 ], [ 136.084407, -19.860687 ], [ 136.294753, -19.852438 ], [ 136.459729, -19.967922 ], [ 136.632955, -19.980296 ], [ 136.934038, -20.079282 ], [ 137.082517, -20.066908 ], [ 137.247494, -19.98442 ], [ 137.445466, -20.025664 ], [ 137.725927, -20.005042 ], [ 137.787793, -19.934927 ], [ 137.969268, -19.885434 ], [ 138.348715, -19.914305 ], [ 138.686917, -19.996793 ], [ 138.905512, -20.190641 ], [ 138.971503, -20.19889 ], [ 139.140604, -20.314374 ], [ 139.322079, -20.334996 ], [ 139.437562, -20.495848 ], [ 139.478807, -20.669074 ], [ 139.767516, -20.66495 ], [ 139.829382, -20.714443 ], [ 139.940742, -20.706194 ], [ 140.014981, -20.796931 ], [ 140.068599, -20.755687 ], [ 140.324313, -20.689696 ], [ 140.530534, -20.685572 ] ] ] } },
{ "type": "Feature", "properties": { "scalerank": 3, "featurecla": "Road", "type": "Major Highway", "edited": "New in version 2.0.0", "question": 0, "length_km": 397, "toll": 0, "ne_part": "global_basic", "labelrank": 0, "ignore": 0, "add": 0, "rwdb_rd_id": 67447, "orig_fid": 34250, "uident": 0, "continent": "Oceania", "expressway": 0, "min_zoom": 3.0, "min_label": 6.0 }, "geometry": { "type": "MultiLineString", "coordinates": [ [ [ 140.641894, -20.693821 ], [ 140.74088, -20.702069 ], [ 140.922354, -20.640203 ], [ 141.128575, -20.619581 ], [ 141.899842, -20.611332 ], [ 142.180303, -20.656701 ], [ 142.324658, -20.640203 ], [ 142.704105, -20.726816 ], [ 143.100049, -20.751563 ], [ 143.438252, -20.834051 ], [ 143.867192, -20.867046 ], [ 144.16415, -20.854673 ] ] ] } },
{ "type": "Feature", "properties": { "scalerank": 9, "featurecla": "Road", "type": "Major Highway", "edited": "New in version 2.0.0", "question": 0, "length_km": 23, "toll": 0, "ne_part": "global_basic", "labelrank": 0, "ignore": 0, "add": 0, "rwdb_rd_id": 67453, "orig_fid": 34255, "uident": 0, "continent": "Oceania", "expressway": 0, "min_zoom": 7.6, "min_label": 10.1 }, "geometry": { "type": "MultiLineString", "coordinates": [ [ [ 116.711996, -20.677323 ], [ 116.798609, -20.87942 ] ] ] } },
{ "type": "Feature", "properties": { "scalerank": 3, "featurecla": "Road", "type": "Major Highway", "edited": "New in version 2.0.0", "question": 0, "length_km": 253, "toll": 0, "ne_part": "global_basic", "labelrank": 0, "ignore": 0, "add": 0, "rwdb_rd_id": 67459, "orig_fid": 34259, "uident": 0, "continent": "Oceania", "expressway": 0, "min_zoom": 3.0, "min_label": 6.0 }, "geometry": { "type": "MultiLineString", "coordinates": [ [ [ 144.16415, -20.854673 ], [ 144.271385, -20.908291 ], [ 144.349749, -20.871171 ], [ 144.621961, -20.862922 ], [ 145.182882, -20.710318 ], [ 145.306615, -20.62783 ], [ 145.347859, -20.541217 ], [ 145.809795, -20.219512 ], [ 146.205739, -20.075157 ] ] ] } },
{ "type": "Feature", "properties": { "scalerank": 3, "featurecla": "Road", "type": "Major Highway", "edited": "New in version 2.0.0", "question": 0, "length_km": 73, "toll": 0, "ne_part": "global_basic", "labelrank": 0, "ignore": 0, "add": 0, "rwdb_rd_id": 67463, "orig_fid": 34263, "uident": 0, "continent": "Oceania", "expressway": 0, "min_zoom": 3.0, "min_label": 6.0 }, "geometry": { "type": "MultiLineString", "coordinates": [ [ [ 117.371903, -20.920664 ], [ 117.198678, -20.784558 ], [ 117.054323, -20.751563 ], [ 116.951212, -20.76806 ], [ 116.798609, -20.87942 ] ] ] } },
{ "type": "Feature", "properties": { "scalerank": 3, "featurecla": "Road", "type": "Major Highway", "edited": "New in version 2.0.0", "question": 0, "length_km": 135, "toll": 0, "ne_part": "global_basic", "labelrank": 0, "ignore": 0, "add": 0, "rwdb_rd_id": 67476, "orig_fid": 34273, "uident": 0, "continent": "Oceania", "expressway": 0, "min_zoom": 3.0, "min_label": 6.0 }, "geometry": { "type": "MultiLineString", "coordinates": [ [ [ 118.456627, -20.582461 ], [ 118.370014, -20.677323 ], [ 118.064806, -20.867046 ], [ 117.817341, -20.850549 ], [ 117.726604, -20.933037 ], [ 117.627618, -20.961908 ], [ 117.371903, -20.920664 ] ] ] } },
{ "type": "Feature", "properties": { "scalerank": 3, "featurecla": "Road", "type": "Major Highway", "edited": "New in version 2.0.0", "question": 0, "length_km": 365, "toll": 0, "ne_part": "global_basic", "labelrank": 0, "ignore": 0, "add": 0, "rwdb_rd_id": 67529, "orig_fid": 34307, "uident": 0, "continent": "Oceania", "expressway": 0, "min_zoom": 3.0, "min_label": 6.0 }, "geometry": { "type": "MultiLineString", "coordinates": [ [ [ 146.80378, -19.299766 ], [ 147.01825, -19.423499 ], [ 147.034748, -19.514236 ], [ 147.071868, -19.543107 ], [ 147.385324, -19.567853 ], [ 147.3812, -19.658591 ], [ 147.562674, -19.840065 ], [ 147.966867, -19.963798 ], [ 148.057605, -19.963798 ], [ 148.177213, -20.029789 ], [ 148.243204, -20.128775 ], [ 148.531913, -20.334996 ], [ 148.647397, -20.834051 ], [ 148.923733, -21.069143 ], [ 149.134079, -21.114512 ], [ 149.150577, -21.164005 ] ] ] } },
{ "type": "Feature", "properties": { "scalerank": 3, "featurecla": "Road", "type": "Major Highway", "edited": "New in version 2.0.0", "question": 0, "length_km": 211, "toll": 0, "ne_part": "global_basic", "labelrank": 0, "ignore": 0, "add": 0, "rwdb_rd_id": 67856, "orig_fid": 34504, "uident": 0, "continent": "Oceania", "expressway": 0, "min_zoom": 3.0, "min_label": 6.0 }, "geometry": { "type": "MultiLineString", "coordinates": [ [ [ 116.798609, -20.87942 ], [ 116.71612, -20.912415 ], [ 116.505775, -20.891793 ], [ 116.390291, -20.949535 ], [ 116.241812, -21.089765 ], [ 116.237687, -21.172254 ], [ 116.064462, -21.366101 ], [ 115.915982, -21.642438 ], [ 115.701512, -21.828037 ], [ 115.532411, -22.170364 ] ] ] } },
{ "type": "Feature", "properties": { "scalerank": 6, "featurecla": "Road", "type": "Secondary Highway", "edited": "New in version 2.0.0", "question": 0, "length_km": 74, "toll": 0, "ne_part": "global_basic", "labelrank": 0, "ignore": 0, "add": 0, "rwdb_rd_id": 67857, "orig_fid": 34505, "uident": 0, "continent": "Oceania", "expressway": 0, "min_zoom": 6.0, "min_label": 8.5 }, "geometry": { "type": "MultiLineString", "coordinates": [ [ [ 115.058103, -21.704304 ], [ 115.066351, -21.774419 ], [ 115.14884, -21.865157 ], [ 115.532411, -22.170364 ] ] ] } },
{ "type": "Feature", "properties": { "scalerank": 9, "featurecla": "Road", "type": "Secondary Highway", "edited": "New in version 2.0.0", "question": 0, "length_km": 252, "toll": 0, "ne_part": "global_basic", "labelrank": 0, "ignore": 0, "add": 0, "rwdb_rd_id": 67882, "orig_fid": 34527, "uident": 0, "continent": "Oceania", "expressway": 0, "min_zoom": 7.6, "min_label": 10.1 }, "geometry": { "type": "MultiLineString", "coordinates": [ [ [ 118.370014, -22.248728 ], [ 118.345267, -22.083751 ], [ 118.122548, -22.05488 ], [ 117.986442, -21.869281 ], [ 117.689484, -21.66306 ], [ 117.417272, -21.687806 ], [ 117.186304, -21.58882 ], [ 117.140936, -21.44859 ], [ 117.173931, -21.357853 ], [ 117.268793, -21.320733 ], [ 117.392526, -21.131009 ], [ 117.413148, -21.048521 ], [ 117.371903, -20.920664 ] ] ] } },
{ "type": "Feature", "properties": { "scalerank": 4, "featurecla": "Road", "type": "Major Highway", "edited": "New in version 2.0.0", "question": 0, "length_km": 203, "toll": 0, "ne_part": "global_basic", "labelrank": 0, "ignore": 0, "add": 0, "rwdb_rd_id": 67939, "orig_fid": 34565, "uident": 0, "continent": "Oceania", "expressway": 0, "min_zoom": 4.0, "min_label": 7.0 }, "geometry": { "type": "MultiLineString", "coordinates": [ [ [ 118.456627, -20.582461 ], [ 118.493746, -20.62783 ], [ 118.526742, -20.883544 ], [ 118.675221, -21.122761 ], [ 118.712341, -21.477461 ], [ 118.840198, -21.737299 ], [ 118.873193, -21.951769 ], [ 118.662848, -22.368336 ] ] ] } },
{ "type": "Feature", "properties": { "scalerank": 6, "featurecla": "Road", "type": "Track", "edited": "New in version 2.0.0", "question": 0, "length_km": 35, "toll": 0, "ne_part": "global_basic", "labelrank": 0, "ignore": 0, "add": 0, "rwdb_rd_id": 67940, "orig_fid": 34566, "uident": 0, "continent": "Oceania", "expressway": 0, "min_zoom": 6.0, "min_label": 8.5 }, "geometry": { "type": "MultiLineString", "coordinates": [ [ [ 118.662848, -22.368336 ], [ 118.370014, -22.248728 ] ] ] } },
{ "type": "Feature", "properties": { "scalerank": 6, "featurecla": "Road", "type": "Track", "edited": "New in version 2.0.0", "question": 0, "length_km": 192, "toll": 0, "ne_part": "global_basic", "labelrank": 0, "ignore": 0, "add": 0, "rwdb_rd_id": 68008, "orig_fid": 34612, "uident": 0, "continent": "Oceania", "expressway": 0, "min_zoom": 6.0, "min_label": 8.5 }, "geometry": { "type": "MultiLineString", "coordinates": [ [ [ 144.510602, -22.582806 ], [ 144.440486, -22.318843 ], [ 144.473482, -22.124995 ], [ 144.448735, -21.972391 ], [ 144.283758, -21.712553 ], [ 144.292007, -21.415594 ], [ 144.188897, -21.188751 ], [ 144.16415, -20.854673 ] ] ] } },
{ "type": "Feature", "properties": { "scalerank": 7, "featurecla": "Road", "type": "Secondary Highway", "edited": "New in version 2.0.0", "question": 0, "length_km": 324, "toll": 0, "ne_part": "global_basic", "labelrank": 0, "ignore": 0, "add": 0, "rwdb_rd_id": 68028, "orig_fid": 34628, "uident": 0, "continent": "Oceania", "expressway": 0, "min_zoom": 7.0, "min_label": 9.5 }, "geometry": { "type": "MultiLineString", "coordinates": [ [ [ 119.982663, -22.665294 ], [ 120.007409, -22.553935 ], [ 119.953792, -22.219857 ], [ 120.023907, -22.021885 ], [ 120.098147, -21.910525 ], [ 120.081649, -21.729051 ], [ 120.03628, -21.650687 ], [ 120.089898, -21.535203 ], [ 120.011534, -21.300111 ], [ 119.867179, -21.155756 ], [ 119.838308, -20.949535 ], [ 119.726949, -20.87942 ], [ 119.50423, -20.817553 ], [ 118.827825, -20.396862 ] ] ] } },
{ "type": "Feature", "properties": { "scalerank": 4, "featurecla": "Road", "type": "Major Highway", "edited": "New in version 2.0.0", "question": 0, "length_km": 154, "toll": 0, "ne_part": "global_basic", "labelrank": 0, "ignore": 0, "add": 0, "rwdb_rd_id": 68061, "orig_fid": 34651, "uident": 0, "continent": "Oceania", "expressway": 0, "min_zoom": 4.0, "min_label": 7.0 }, "geometry": { "type": "MultiLineString", "coordinates": [ [ [ 119.982663, -22.665294 ], [ 119.685704, -22.727161 ], [ 118.662848, -22.368336 ] ] ] } },
{ "type": "Feature", "properties": { "scalerank": 6, "featurecla": "Road", "type": "Major Highway", "edited": "New in version 2.0.0", "question": 0, "length_km": 255, "toll": 0, "ne_part": "global_basic", "labelrank": 0, "ignore": 0, "add": 0, "rwdb_rd_id": 68062, "orig_fid": 34652, "uident": 0, "continent": "Oceania", "expressway": 0, "min_zoom": 6.0, "min_label": 8.5 }, "geometry": { "type": "MultiLineString", "coordinates": [ [ [ 147.612167, -22.727161 ], [ 147.888503, -22.500318 ], [ 147.962743, -22.289972 ], [ 148.107098, -22.050756 ], [ 148.408181, -21.894027 ], [ 148.643273, -21.832161 ], [ 148.688641, -21.650687 ], [ 148.812374, -21.489834 ], [ 148.931982, -21.399097 ], [ 148.964978, -21.267115 ], [ 149.043342, -21.184627 ], [ 149.150577, -21.164005 ] ] ] } },
{ "type": "Feature", "properties": { "scalerank": 6, "featurecla": "Road", "type": "Major Highway", "edited": "New in version 2.0.0", "question": 0, "length_km": 339, "toll": 0, "ne_part": "global_basic", "labelrank": 0, "ignore": 0, "add": 0, "rwdb_rd_id": 68063, "orig_fid": 34653, "uident": 0, "continent": "Oceania", "expressway": 0, "min_zoom": 6.0, "min_label": 8.5 }, "geometry": { "type": "MultiLineString", "coordinates": [ [ [ 146.205739, -20.075157 ], [ 146.164495, -20.244259 ], [ 146.189241, -20.41336 ], [ 146.284103, -20.706194 ], [ 146.366592, -20.834051 ], [ 146.432582, -21.176378 ], [ 146.515071, -21.333106 ], [ 146.647052, -21.481585 ], [ 146.861522, -21.547576 ], [ 147.067743, -22.013636 ], [ 147.23272, -22.223981 ], [ 147.286338, -22.351838 ], [ 147.434817, -22.463198 ], [ 147.612167, -22.727161 ] ] ] } },
{ "type": "Feature", "properties": { "scalerank": 6, "featurecla": "Road", "type": "Secondary Highway", "edited": "New in version 2.0.0", "question": 0, "length_km": 239, "toll": 0, "ne_part": "global_basic", "labelrank": 0, "ignore": 0, "add": 0, "rwdb_rd_id": 68161, "orig_fid": 34718, "uident": 0, "continent": "Oceania", "expressway": 0, "min_zoom": 6.0, "min_label": 8.5 }, "geometry": { "type": "MultiLineString", "coordinates": [ [ [ 115.532411, -22.170364 ], [ 115.738632, -22.397207 ], [ 115.981973, -22.450824 ], [ 116.192319, -22.640548 ], [ 116.431535, -22.73541 ], [ 116.559392, -22.822022 ], [ 116.749116, -22.859142 ], [ 117.025452, -22.982875 ], [ 117.310037, -22.974626 ], [ 117.421397, -22.879764 ] ] ] } },
{ "type": "Feature", "properties": { "scalerank": 10, "featurecla": "Road", "type": "Unknown", "edited": "New in version 2.0.0", "question": 0, "length_km": 100, "toll": 0, "ne_part": "global_basic", "labelrank": 0, "ignore": 0, "add": 0, "rwdb_rd_id": 68198, "orig_fid": 34742, "uident": 0, "continent": "Oceania", "expressway": 0, "min_zoom": 7.7, "min_label": 10.2 }, "geometry": { "type": "MultiLineString", "coordinates": [ [ [ 133.67162, -23.102483 ], [ 133.716989, -22.966377 ], [ 133.787104, -22.933382 ], [ 134.257288, -22.925133 ], [ 134.447011, -22.995248 ] ] ] } },
{ "type": "Feature", "properties": { "scalerank": 3, "featurecla": "Road", "type": "Major Highway", "edited": "New in version 2.0.0", "question": 0, "length_km": 440, "toll": 0, "ne_part": "global_basic", "labelrank": 0, "ignore": 0, "add": 0, "rwdb_rd_id": 68199, "orig_fid": 34743, "uident": 0, "continent": "Oceania", "expressway": 0, "min_zoom": 3.0, "min_label": 6.0 }, "geometry": { "type": "MultiLineString", "coordinates": [ [ [ 134.211919, -19.45237 ], [ 134.216044, -19.80707 ], [ 134.282035, -20.359742 ], [ 134.211919, -20.623705 ], [ 134.1748, -20.990779 ], [ 134.071689, -21.23412 ], [ 133.840721, -21.518705 ], [ 133.696367, -21.601193 ], [ 133.700491, -21.720802 ], [ 133.424155, -21.988889 ], [ 133.271551, -22.467322 ], [ 133.267427, -22.570433 ], [ 133.345791, -22.776654 ], [ 133.67162, -23.102483 ] ] ] } },
{ "type": "Feature", "properties": { "scalerank": 7, "featurecla": "Road", "type": "Major Highway", "edited": "New in version 2.0.0", "question": 0, "length_km": 34, "toll": 0, "ne_part": "global_basic", "labelrank": 0, "ignore": 0, "add": 0, "rwdb_rd_id": 68278, "orig_fid": 34791, "uident": 0, "continent": "Oceania", "expressway": 0, "min_zoom": 7.0, "min_label": 9.5 }, "geometry": { "type": "MultiLineString", "coordinates": [ [ [ 150.511636, -23.333451 ], [ 150.759101, -23.147852 ] ] ] } },
{ "type": "Feature", "properties": { "scalerank": 3, "featurecla": "Road", "type": "Major Highway", "edited": "New in version 2.0.0", "question": 0, "length_km": 307, "toll": 0, "ne_part": "global_basic", "labelrank": 0, "ignore": 0, "add": 0, "rwdb_rd_id": 68279, "orig_fid": 34792, "uident": 0, "continent": "Oceania", "expressway": 0, "min_zoom": 3.0, "min_label": 6.0 }, "geometry": { "type": "MultiLineString", "coordinates": [ [ [ 150.511636, -23.333451 ], [ 150.453894, -23.19322 ], [ 150.309539, -23.135479 ], [ 150.231175, -22.982875 ], [ 150.148687, -22.921009 ], [ 150.037327, -22.904511 ], [ 149.942466, -22.846769 ], [ 149.851728, -22.850893 ], [ 149.773364, -22.772529 ], [ 149.55477, -22.648797 ], [ 149.451659, -22.388958 ], [ 149.505277, -22.145617 ], [ 149.37742, -21.910525 ], [ 149.3403, -21.749673 ], [ 149.216567, -21.601193 ], [ 149.187696, -21.493959 ], [ 149.20007, -21.390848 ], [ 149.138203, -21.283613 ], [ 149.150577, -21.164005 ] ] ] } },
{ "type": "Feature", "properties": { "scalerank": 3, "featurecla": "Road", "type": "Major Highway", "edited": "New in version 2.0.0", "question": 0, "length_km": 9, "toll": 0, "ne_part": "global_basic", "labelrank": 0, "ignore": 0, "add": 0, "rwdb_rd_id": 68300, "orig_fid": 34805, "uident": 0, "continent": "Oceania", "expressway": 0, "min_zoom": 3.0, "min_label": 6.0 }, "geometry": { "type": "MultiLineString", "coordinates": [ [ [ 150.511636, -23.420064 ], [ 150.511636, -23.333451 ] ] ] } },
{ "type": "Feature", "properties": { "scalerank": 3, "featurecla": "Road", "type": "Major Highway", "edited": "New in version 2.0.0", "question": 0, "length_km": 8, "toll": 0, "ne_part": "global_basic", "labelrank": 0, "ignore": 0, "add": 0, "rwdb_rd_id": 68326, "orig_fid": 34821, "uident": 0, "continent": "Oceania", "expressway": 0, "min_zoom": 3.0, "min_label": 6.0 }, "geometry": { "type": "MultiLineString", "coordinates": [ [ [ 150.51576, -23.498428 ], [ 150.511636, -23.420064 ] ] ] } },
{ "type": "Feature", "properties": { "scalerank": 3, "featurecla": "Road", "type": "Major Highway", "edited": "New in version 2.0.0", "question": 0, "length_km": 537, "toll": 0, "ne_part": "global_basic", "labelrank": 0, "ignore": 0, "add": 0, "rwdb_rd_id": 68339, "orig_fid": 34829, "uident": 0, "continent": "Oceania", "expressway": 0, "min_zoom": 3.0, "min_label": 6.0 }, "geometry": { "type": "MultiLineString", "coordinates": [ [ [ 140.641894, -20.693821 ], [ 140.674889, -20.747438 ], [ 140.790373, -20.796931 ], [ 140.942976, -21.015526 ], [ 141.466778, -21.349604 ], [ 141.91634, -21.572323 ], [ 142.068944, -21.522829 ], [ 142.180303, -21.547576 ], [ 142.332907, -21.638313 ], [ 142.502008, -21.774419 ], [ 142.625741, -21.939396 ], [ 142.732976, -21.98064 ], [ 142.926824, -22.314719 ], [ 143.405257, -22.58693 ], [ 143.957929, -23.143727 ], [ 144.184772, -23.428313 ], [ 144.469357, -23.514925 ] ] ] } },
{ "type": "Feature", "properties": { "scalerank": 6, "featurecla": "Road", "type": "Major Highway", "edited": "New in version 2.0.0", "question": 0, "length_km": 113, "toll": 0, "ne_part": "global_basic", "labelrank": 0, "ignore": 0, "add": 0, "rwdb_rd_id": 68355, "orig_fid": 34840, "uident": 0, "continent": "Oceania", "expressway": 0, "min_zoom": 6.0, "min_label": 8.5 }, "geometry": { "type": "MultiLineString", "coordinates": [ [ [ 147.612167, -22.727161 ], [ 147.616292, -22.793152 ], [ 147.69878, -22.826147 ], [ 147.806015, -22.978751 ], [ 148.003987, -23.085985 ], [ 148.131844, -23.349949 ], [ 148.156591, -23.543796 ] ] ] } },
{ "type": "Feature", "properties": { "scalerank": 6, "featurecla": "Road", "type": "Secondary Highway", "edited": "New in version 2.0.0", "question": 0, "length_km": 151, "toll": 0, "ne_part": "global_basic", "labelrank": 0, "ignore": 0, "add": 0, "rwdb_rd_id": 68363, "orig_fid": 34846, "uident": 0, "continent": "Oceania", "expressway": 0, "min_zoom": 6.0, "min_label": 8.5 }, "geometry": { "type": "MultiLineString", "coordinates": [ [ [ 145.248873, -23.572667 ], [ 145.211753, -23.382944 ], [ 145.203505, -22.966377 ], [ 145.063274, -22.859142 ], [ 144.63021, -22.681792 ], [ 144.510602, -22.582806 ] ] ] } },
{ "type": "Feature", "properties": { "scalerank": 3, "featurecla": "Road", "type": "Major Highway", "edited": "New in version 2.0.0", "question": 0, "length_km": 87, "toll": 0, "ne_part": "global_basic", "labelrank": 0, "ignore": 0, "add": 0, "rwdb_rd_id": 68364, "orig_fid": 34847, "uident": 0, "continent": "Oceania", "expressway": 0, "min_zoom": 3.0, "min_label": 6.0 }, "geometry": { "type": "MultiLineString", "coordinates": [ [ [ 144.469357, -23.514925 ], [ 145.248873, -23.572667 ] ] ] } },
{ "type": "Feature", "properties": { "scalerank": 3, "featurecla": "Road", "type": "Major Highway", "edited": "New in version 2.0.0", "question": 0, "length_km": 60, "toll": 0, "ne_part": "global_basic", "labelrank": 0, "ignore": 0, "add": 0, "rwdb_rd_id": 68400, "orig_fid": 34871, "uident": 0, "continent": "Oceania", "expressway": 0, "min_zoom": 3.0, "min_label": 6.0 }, "geometry": { "type": "MultiLineString", "coordinates": [ [ [ 133.67162, -23.102483 ], [ 133.74586, -23.308704 ], [ 133.815975, -23.663405 ] ] ] } },
{ "type": "Feature", "properties": { "scalerank": 4, "featurecla": "Road", "type": "Major Highway", "edited": "New in version 2.0.0", "question": 0, "length_km": 333, "toll": 0, "ne_part": "global_basic", "labelrank": 0, "ignore": 0, "add": 0, "rwdb_rd_id": 68419, "orig_fid": 34878, "uident": 0, "continent": "Oceania", "expressway": 0, "min_zoom": 4.0, "min_label": 7.0 }, "geometry": { "type": "MultiLineString", "coordinates": [ [ [ 148.156591, -23.543796 ], [ 147.711153, -23.560294 ], [ 147.426568, -23.729395 ], [ 147.228596, -23.642782 ], [ 147.010002, -23.700524 ], [ 146.849149, -23.667529 ], [ 146.362467, -23.65928 ], [ 145.884034, -23.564418 ], [ 145.248873, -23.572667 ] ] ] } },
{ "type": "Feature", "properties": { "scalerank": 3, "featurecla": "Road", "type": "Major Highway", "edited": "New in version 2.0.0", "question": 0, "length_km": 264, "toll": 0, "ne_part": "global_basic", "labelrank": 0, "ignore": 0, "add": 0, "rwdb_rd_id": 68429, "orig_fid": 34882, "uident": 0, "continent": "Oceania", "expressway": 0, "min_zoom": 3.0, "min_label": 6.0 }, "geometry": { "type": "MultiLineString", "coordinates": [ [ [ 115.532411, -22.170364 ], [ 115.50354, -22.545686 ], [ 115.36331, -22.710663 ], [ 114.827135, -22.888013 ], [ 114.534301, -23.019995 ], [ 114.476559, -23.180847 ], [ 114.389946, -23.246838 ], [ 114.266214, -23.420064 ], [ 114.245591, -23.531423 ], [ 113.977504, -23.762391 ] ] ] } },
{ "type": "Feature", "properties": { "scalerank": 6, "featurecla": "Road", "type": "Secondary Highway", "edited": "New in version 2.0.0", "question": 0, "length_km": 202, "toll": 0, "ne_part": "global_basic", "labelrank": 0, "ignore": 0, "add": 0, "rwdb_rd_id": 68430, "orig_fid": 34883, "uident": 0, "continent": "Oceania", "expressway": 0, "min_zoom": 6.0, "min_label": 8.5 }, "geometry": { "type": "MultiLineString", "coordinates": [ [ [ 113.977504, -23.762391 ], [ 113.948633, -23.725271 ], [ 113.940384, -23.580916 ], [ 113.841398, -23.477806 ], [ 113.8249, -23.26746 ], [ 113.895016, -22.846769 ], [ 113.989877, -22.66117 ], [ 113.989877, -22.434327 ], [ 114.059992, -22.322967 ], [ 114.022873, -22.15799 ], [ 114.088863, -21.943521 ] ] ] } },
{ "type": "Feature", "properties": { "scalerank": 7, "featurecla": "Road", "type": "Secondary Highway", "edited": "New in version 2.0.0", "question": 0, "length_km": 140, "toll": 0, "ne_part": "global_basic", "labelrank": 0, "ignore": 0, "add": 0, "rwdb_rd_id": 68434, "orig_fid": 34886, "uident": 0, "continent": "Oceania", "expressway": 0, "min_zoom": 7.0, "min_label": 9.5 }, "geometry": { "type": "MultiLineString", "coordinates": [ [ [ 133.815975, -23.663405 ], [ 133.362288, -23.758266 ], [ 132.937473, -23.774764 ], [ 132.780745, -23.737644 ], [ 132.591021, -23.642782 ] ] ] } },
{ "type": "Feature", "properties": { "scalerank": 4, "featurecla": "Road", "type": "Major Highway", "edited": "New in version 2.0.0", "question": 0, "length_km": 279, "toll": 0, "ne_part": "global_basic", "labelrank": 0, "ignore": 0, "add": 0, "rwdb_rd_id": 68452, "orig_fid": 34893, "uident": 0, "continent": "Oceania", "expressway": 0, "min_zoom": 4.0, "min_label": 7.0 }, "geometry": { "type": "MultiLineString", "coordinates": [ [ [ 148.156591, -23.543796 ], [ 148.51954, -23.62216 ], [ 149.121706, -23.605663 ], [ 149.781613, -23.811884 ], [ 150.128065, -23.692276 ], [ 150.284793, -23.51905 ], [ 150.511636, -23.420064 ] ] ] } },
{ "type": "Feature", "properties": { "scalerank": 3, "featurecla": "Road", "type": "Major Highway", "edited": "New in version 2.0.0", "question": 0, "length_km": 97, "toll": 0, "ne_part": "global_basic", "labelrank": 0, "ignore": 0, "add": 0, "rwdb_rd_id": 68523, "orig_fid": 34937, "uident": 0, "continent": "Oceania", "expressway": 0, "min_zoom": 3.0, "min_label": 6.0 }, "geometry": { "type": "MultiLineString", "coordinates": [ [ [ 151.208663, -24.01398 ], [ 151.126175, -23.993358 ], [ 150.915829, -23.791262 ], [ 150.660115, -23.679902 ], [ 150.51576, -23.498428 ] ] ] } },
{ "type": "Feature", "properties": { "scalerank": 10, "featurecla": "Road", "type": "Unknown", "edited": "New in version 2.0.0", "question": 0, "length_km": 72, "toll": 0, "ne_part": "global_basic", "labelrank": 0, "ignore": 0, "add": 0, "rwdb_rd_id": 68561, "orig_fid": 34966, "uident": 0, "continent": "Oceania", "expressway": 0, "min_zoom": 7.7, "min_label": 10.2 }, "geometry": { "type": "MultiLineString", "coordinates": [ [ [ 144.411616, -24.207828 ], [ 144.469357, -23.514925 ] ] ] } },
{ "type": "Feature", "properties": { "scalerank": 7, "featurecla": "Road", "type": "Major Highway", "edited": "New in version 2.0.0", "question": 0, "length_km": 97, "toll": 0, "ne_part": "global_basic", "labelrank": 0, "ignore": 0, "add": 0, "rwdb_rd_id": 68606, "orig_fid": 35001, "uident": 0, "continent": "Oceania", "expressway": 0, "min_zoom": 7.0, "min_label": 9.5 }, "geometry": { "type": "MultiLineString", "coordinates": [ [ [ 150.519885, -24.418174 ], [ 150.548756, -24.26557 ], [ 150.581751, -24.244948 ], [ 150.660115, -24.240824 ], [ 150.697235, -24.178957 ], [ 150.957074, -24.042851 ], [ 151.208663, -24.01398 ] ] ] } },
{ "type": "Feature", "properties": { "scalerank": 6, "featurecla": "Road", "type": "Major Highway", "edited": "New in version 2.0.0", "question": 0, "length_km": 116, "toll": 0, "ne_part": "global_basic", "labelrank": 0, "ignore": 0, "add": 0, "rwdb_rd_id": 68607, "orig_fid": 35002, "uident": 0, "continent": "Oceania", "expressway": 0, "min_zoom": 6.0, "min_label": 8.5 }, "geometry": { "type": "MultiLineString", "coordinates": [ [ [ 150.51576, -23.498428 ], [ 150.478641, -23.589165 ], [ 150.425023, -23.609787 ], [ 150.392028, -23.750017 ], [ 150.2353, -23.906746 ], [ 150.519885, -24.418174 ] ] ] } },
{ "type": "Feature", "properties": { "scalerank": 7, "featurecla": "Road", "type": "Major Highway", "edited": "New in version 2.0.0", "question": 0, "length_km": 49, "toll": 0, "ne_part": "global_basic", "labelrank": 0, "ignore": 0, "add": 0, "rwdb_rd_id": 68618, "orig_fid": 35010, "uident": 0, "continent": "Oceania", "expressway": 0, "min_zoom": 7.0, "min_label": 9.5 }, "geometry": { "type": "MultiLineString", "coordinates": [ [ [ 150.119816, -24.496538 ], [ 150.264171, -24.401676 ], [ 150.33841, -24.434672 ], [ 150.519885, -24.418174 ] ] ] } },
{ "type": "Feature", "properties": { "scalerank": 9, "featurecla": "Road", "type": "Major Highway", "edited": "New in version 2.0.0", "question": 0, "length_km": 311, "toll": 0, "ne_part": "global_basic", "labelrank": 0, "ignore": 0, "add": 0, "rwdb_rd_id": 68660, "orig_fid": 35044, "uident": 0, "continent": "Oceania", "expressway": 0, "min_zoom": 7.6, "min_label": 10.1 }, "geometry": { "type": "MultiLineString", "coordinates": [ [ [ 148.156591, -23.543796 ], [ 148.107098, -24.166584 ], [ 148.140093, -24.220202 ], [ 148.23083, -24.244948 ], [ 148.503042, -24.455294 ], [ 148.651522, -24.484165 ], [ 149.055715, -24.665639 ], [ 149.278434, -24.5914 ], [ 149.41454, -24.65739 ], [ 149.703249, -24.673888 ], [ 149.942466, -24.612022 ], [ 150.119816, -24.496538 ] ] ] } },
{ "type": "Feature", "properties": { "scalerank": 3, "featurecla": "Road", "type": "Major Highway", "edited": "New in version 2.0.0", "question": 0, "length_km": 128, "toll": 0, "ne_part": "global_basic", "labelrank": 0, "ignore": 0, "add": 0, "rwdb_rd_id": 68705, "orig_fid": 35078, "uident": 0, "continent": "Oceania", "expressway": 0, "min_zoom": 3.0, "min_label": 6.0 }, "geometry": { "type": "MultiLineString", "coordinates": [ [ [ 113.977504, -23.762391 ], [ 113.97338, -23.914994 ], [ 114.026997, -24.112967 ], [ 113.994002, -24.236699 ], [ 114.010499, -24.323312 ], [ 113.952757, -24.525409 ], [ 113.734163, -24.752252 ], [ 113.750661, -24.867736 ] ] ] } },
{ "type": "Feature", "properties": { "scalerank": 3, "featurecla": "Road", "type": "Major Highway", "edited": "New in version 2.0.0", "question": 0, "length_km": 186, "toll": 0, "ne_part": "global_basic", "labelrank": 0, "ignore": 0, "add": 0, "rwdb_rd_id": 68785, "orig_fid": 35133, "uident": 0, "continent": "Oceania", "expressway": 0, "min_zoom": 3.0, "min_label": 6.0 }, "geometry": { "type": "MultiLineString", "coordinates": [ [ [ 133.815975, -23.663405 ], [ 133.820099, -23.754142 ], [ 133.477772, -24.092345 ], [ 133.403533, -24.232575 ], [ 133.424155, -24.282068 ], [ 133.226182, -24.459418 ], [ 133.156067, -24.566653 ], [ 133.123072, -24.711008 ], [ 133.127196, -25.168819 ] ] ] } },
{ "type": "Feature", "properties": { "scalerank": 4, "featurecla": "Road", "type": "Major Highway", "edited": "New in version 2.0.0", "question": 0, "length_km": 43, "toll": 0, "ne_part": "global_basic", "labelrank": 0, "ignore": 0, "add": 0, "rwdb_rd_id": 68797, "orig_fid": 35139, "uident": 0, "continent": "Oceania", "expressway": 0, "min_zoom": 4.0, "min_label": 7.0 }, "geometry": { "type": "MultiLineString", "coordinates": [ [ [ 152.355253, -24.880109 ], [ 152.227396, -24.966722 ], [ 152.215022, -25.02034 ], [ 152.248018, -25.098704 ], [ 152.227396, -25.210063 ] ] ] } },
{ "type": "Feature", "properties": { "scalerank": 3, "featurecla": "Road", "type": "Major Highway", "edited": "New in version 2.0.0", "question": 0, "length_km": 188, "toll": 0, "ne_part": "global_basic", "labelrank": 0, "ignore": 0, "add": 0, "rwdb_rd_id": 68799, "orig_fid": 35141, "uident": 0, "continent": "Oceania", "expressway": 0, "min_zoom": 3.0, "min_label": 6.0 }, "geometry": { "type": "MultiLineString", "coordinates": [ [ [ 152.227396, -25.210063 ], [ 152.058294, -25.218312 ], [ 151.934562, -24.954349 ], [ 151.777834, -24.917229 ], [ 151.728341, -24.875985 ], [ 151.687096, -24.678012 ], [ 151.592235, -24.513036 ], [ 151.497373, -24.216077 ], [ 151.377765, -24.067598 ], [ 151.208663, -24.01398 ] ] ] } },
{ "type": "Feature", "properties": { "scalerank": 3, "featurecla": "Road", "type": "Major Highway", "edited": "New in version 2.0.0", "question": 0, "length_km": 10, "toll": 0, "ne_part": "global_basic", "labelrank": 0, "ignore": 0, "add": 0, "rwdb_rd_id": 68805, "orig_fid": 35144, "uident": 0, "continent": "Oceania", "expressway": 0, "min_zoom": 3.0, "min_label": 6.0 }, "geometry": { "type": "MultiLineString", "coordinates": [ [ [ 152.309884, -25.251307 ], [ 152.227396, -25.210063 ] ] ] } },
{ "type": "Feature", "properties": { "scalerank": 4, "featurecla": "Road", "type": "Major Highway", "edited": "New in version 2.0.0", "question": 0, "length_km": 274, "toll": 0, "ne_part": "global_basic", "labelrank": 0, "ignore": 0, "add": 0, "rwdb_rd_id": 68818, "orig_fid": 35152, "uident": 0, "continent": "Oceania", "expressway": 0, "min_zoom": 4.0, "min_label": 7.0 }, "geometry": { "type": "MultiLineString", "coordinates": [ [ [ 133.127196, -25.168819 ], [ 132.81374, -25.226561 ], [ 132.574524, -25.131699 ], [ 132.405422, -25.135823 ], [ 132.339432, -25.102828 ], [ 132.079593, -25.078081 ], [ 131.959985, -25.127574 ], [ 131.877496, -25.26368 ], [ 131.774386, -25.304925 ], [ 130.99487, -25.135823 ], [ 130.891759, -25.152321 ], [ 130.858764, -25.234809 ] ] ] } },
{ "type": "Feature", "properties": { "scalerank": 10, "featurecla": "Road", "type": "Unknown", "edited": "New in version 2.0.0", "question": 0, "length_km": 11, "toll": 0, "ne_part": "global_basic", "labelrank": 0, "ignore": 0, "add": 0, "rwdb_rd_id": 68827, "orig_fid": 35157, "uident": 0, "continent": "Oceania", "expressway": 0, "min_zoom": 7.7, "min_label": 10.2 }, "geometry": { "type": "MultiLineString", "coordinates": [ [ [ 130.858764, -25.234809 ], [ 130.912382, -25.317298 ] ] ] } },
{ "type": "Feature", "properties": { "scalerank": 6, "featurecla": "Road", "type": "Major Highway", "edited": "New in version 2.0.0", "question": 0, "length_km": 82, "toll": 0, "ne_part": "global_basic", "labelrank": 0, "ignore": 0, "add": 0, "rwdb_rd_id": 68930, "orig_fid": 35228, "uident": 0, "continent": "Oceania", "expressway": 0, "min_zoom": 6.0, "min_label": 8.5 }, "geometry": { "type": "MultiLineString", "coordinates": [ [ [ 152.309884, -25.251307 ], [ 152.09129, -25.366791 ], [ 152.058294, -25.445155 ], [ 152.070668, -25.519395 ], [ 151.988179, -25.597759 ], [ 151.922188, -25.597759 ], [ 151.893317, -25.69262 ], [ 151.831451, -25.700869 ] ] ] } },
{ "type": "Feature", "properties": { "scalerank": 6, "featurecla": "Road", "type": "Major Highway", "edited": "New in version 2.0.0", "question": 0, "length_km": 246, "toll": 0, "ne_part": "global_basic", "labelrank": 0, "ignore": 0, "add": 0, "rwdb_rd_id": 68931, "orig_fid": 35229, "uident": 0, "continent": "Oceania", "expressway": 0, "min_zoom": 6.0, "min_label": 8.5 }, "geometry": { "type": "MultiLineString", "coordinates": [ [ [ 150.519885, -24.418174 ], [ 150.66424, -24.541907 ], [ 150.680737, -24.612022 ], [ 150.845714, -24.776999 ], [ 151.035438, -24.830616 ], [ 151.117926, -24.892482 ], [ 151.15917, -24.991469 ], [ 151.229285, -25.028588 ], [ 151.241659, -25.106952 ], [ 151.134424, -25.259556 ], [ 151.138548, -25.37504 ], [ 151.320023, -25.606007 ], [ 151.423133, -25.540017 ], [ 151.530368, -25.548266 ], [ 151.583986, -25.573012 ], [ 151.621106, -25.639003 ], [ 151.753087, -25.614256 ], [ 151.831451, -25.700869 ] ] ] } },
{ "type": "Feature", "properties": { "scalerank": 3, "featurecla": "Road", "type": "Major Highway", "edited": "New in version 2.0.0", "question": 0, "length_km": 311, "toll": 0, "ne_part": "global_basic", "labelrank": 0, "ignore": 0, "add": 0, "rwdb_rd_id": 68991, "orig_fid": 35262, "uident": 0, "continent": "Oceania", "expressway": 0, "min_zoom": 3.0, "min_label": 6.0 }, "geometry": { "type": "MultiLineString", "coordinates": [ [ [ 145.248873, -23.572667 ], [ 145.31074, -23.787137 ], [ 145.335486, -24.261446 ], [ 145.405601, -24.409925 ], [ 145.752053, -24.525409 ], [ 145.84279, -24.640893 ], [ 146.139748, -24.781123 ], [ 146.185117, -24.87186 ], [ 146.325347, -24.913105 ], [ 146.403711, -24.987344 ], [ 146.560439, -25.391538 ], [ 146.564564, -25.853473 ] ] ] } },
{ "type": "Feature", "properties": { "scalerank": 3, "featurecla": "Road", "type": "Major Highway", "edited": "New in version 2.0.0", "question": 0, "length_km": 120, "toll": 0, "ne_part": "global_basic", "labelrank": 0, "ignore": 0, "add": 0, "rwdb_rd_id": 69096, "orig_fid": 35316, "uident": 0, "continent": "Oceania", "expressway": 0, "min_zoom": 3.0, "min_label": 6.0 }, "geometry": { "type": "MultiLineString", "coordinates": [ [ [ 152.590345, -26.138058 ], [ 152.573847, -26.030823 ], [ 152.606842, -25.742113 ], [ 152.69758, -25.556514 ], [ 152.58622, -25.342044 ], [ 152.309884, -25.251307 ] ] ] } },
{ "type": "Feature", "properties": { "scalerank": 9, "featurecla": "Road", "type": "Major Highway", "edited": "New in version 2.0.0", "question": 0, "length_km": 63, "toll": 0, "ne_part": "global_basic", "labelrank": 0, "ignore": 0, "add": 0, "rwdb_rd_id": 69125, "orig_fid": 35339, "uident": 0, "continent": "Oceania", "expressway": 0, "min_zoom": 7.6, "min_label": 10.1 }, "geometry": { "type": "MultiLineString", "coordinates": [ [ [ 152.590345, -26.138058 ], [ 152.511981, -26.096814 ], [ 152.293386, -26.092689 ], [ 152.202649, -26.166929 ], [ 152.074792, -26.204049 ] ] ] } },
{ "type": "Feature", "properties": { "scalerank": 6, "featurecla": "Road", "type": "Major Highway", "edited": "New in version 2.0.0", "question": 0, "length_km": 63, "toll": 0, "ne_part": "global_basic", "labelrank": 0, "ignore": 0, "add": 0, "rwdb_rd_id": 69126, "orig_fid": 35340, "uident": 0, "continent": "Oceania", "expressway": 0, "min_zoom": 6.0, "min_label": 8.5 }, "geometry": { "type": "MultiLineString", "coordinates": [ [ [ 151.831451, -25.700869 ], [ 151.872695, -25.919464 ], [ 152.033548, -26.039072 ], [ 152.066543, -26.088565 ], [ 152.074792, -26.204049 ] ] ] } },
{ "type": "Feature", "properties": { "scalerank": 6, "featurecla": "Road", "type": "Track", "edited": "New in version 2.0.0", "question": 0, "length_km": 581, "toll": 0, "ne_part": "global_basic", "labelrank": 0, "ignore": 0, "add": 0, "rwdb_rd_id": 69137, "orig_fid": 35348, "uident": 0, "continent": "Oceania", "expressway": 0, "min_zoom": 6.0, "min_label": 8.5 }, "geometry": { "type": "MultiLineString", "coordinates": [ [ [ 130.858764, -25.234809 ], [ 130.739156, -25.201814 ], [ 130.60305, -25.280178 ], [ 130.487566, -25.193565 ], [ 129.877152, -25.119326 ], [ 129.695677, -25.061584 ], [ 129.522451, -25.065708 ], [ 129.266737, -24.904856 ], [ 128.846046, -24.834741 ], [ 128.817175, -24.933727 ], [ 128.56971, -25.16057 ], [ 128.268627, -25.057459 ], [ 128.078904, -25.255432 ], [ 127.468489, -25.486399 ], [ 127.32001, -25.601883 ], [ 127.138535, -25.808104 ], [ 126.932314, -25.915339 ], [ 126.779711, -26.051445 ], [ 126.235287, -26.249417 ] ] ] } },
{ "type": "Feature", "properties": { "scalerank": 3, "featurecla": "Road", "type": "Major Highway", "edited": "New in version 2.0.0", "question": 0, "length_km": 68, "toll": 0, "ne_part": "global_basic", "labelrank": 0, "ignore": 0, "add": 0, "rwdb_rd_id": 69191, "orig_fid": 35384, "uident": 0, "continent": "Oceania", "expressway": 0, "min_zoom": 3.0, "min_label": 6.0 }, "geometry": { "type": "MultiLineString", "coordinates": [ [ [ 146.564564, -25.853473 ], [ 146.41196, -26.014325 ], [ 146.284103, -26.224671 ], [ 146.27173, -26.33603 ], [ 146.230486, -26.402021 ] ] ] } },
{ "type": "Feature", "properties": { "scalerank": 7, "featurecla": "Road", "type": "Major Highway", "edited": "New in version 2.0.0", "question": 0, "length_km": 81, "toll": 0, "ne_part": "global_basic", "labelrank": 0, "ignore": 0, "add": 0, "rwdb_rd_id": 69195, "orig_fid": 35388, "uident": 0, "continent": "Oceania", "expressway": 0, "min_zoom": 7.0, "min_label": 9.5 }, "geometry": { "type": "MultiLineString", "coordinates": [ [ [ 146.564564, -25.853473 ], [ 146.630555, -25.964832 ], [ 146.70067, -25.989579 ], [ 146.931637, -26.191675 ], [ 147.047121, -26.41027 ] ] ] } },
{ "type": "Feature", "properties": { "scalerank": 3, "featurecla": "Road", "type": "Major Highway", "edited": "New in version 2.0.0", "question": 0, "length_km": 92, "toll": 0, "ne_part": "global_basic", "labelrank": 0, "ignore": 0, "add": 0, "rwdb_rd_id": 69200, "orig_fid": 35391, "uident": 0, "continent": "Oceania", "expressway": 0, "min_zoom": 3.0, "min_label": 6.0 }, "geometry": { "type": "MultiLineString", "coordinates": [ [ [ 146.230486, -26.402021 ], [ 147.047121, -26.41027 ] ] ] } },
{ "type": "Feature", "properties": { "scalerank": 4, "featurecla": "Road", "type": "Major Highway", "edited": "New in version 2.0.0", "question": 0, "length_km": 467, "toll": 0, "ne_part": "global_basic", "labelrank": 0, "ignore": 0, "add": 0, "rwdb_rd_id": 69255, "orig_fid": 35429, "uident": 0, "continent": "Oceania", "expressway": 0, "min_zoom": 4.0, "min_label": 7.0 }, "geometry": { "type": "MultiLineString", "coordinates": [ [ [ 119.982663, -22.665294 ], [ 120.023907, -22.813774 ], [ 120.015658, -22.991124 ], [ 119.970289, -23.118981 ], [ 119.792939, -23.370571 ], [ 119.809437, -23.436561 ], [ 119.739322, -23.741769 ], [ 119.801188, -23.931492 ], [ 119.693953, -24.150086 ], [ 119.739322, -24.352183 ], [ 119.652709, -24.521284 ], [ 119.615589, -24.706883 ], [ 119.409368, -24.974971 ], [ 119.240267, -25.581261 ], [ 119.166027, -25.684371 ], [ 119.137156, -25.791606 ], [ 119.091788, -25.836975 ], [ 118.807202, -25.952459 ], [ 118.704092, -26.039072 ], [ 118.675221, -26.249417 ], [ 118.50612, -26.58762 ] ] ] } },
{ "type": "Feature", "properties": { "scalerank": 5, "featurecla": "Road", "type": "Major Highway", "edited": "New in version 2.0.0", "question": 0, "length_km": 197, "toll": 0, "ne_part": "global_basic", "labelrank": 0, "ignore": 0, "add": 0, "rwdb_rd_id": 69256, "orig_fid": 35430, "uident": 0, "continent": "Oceania", "expressway": 0, "min_zoom": 5.0, "min_label": 8.0 }, "geometry": { "type": "MultiLineString", "coordinates": [ [ [ 120.209506, -26.58762 ], [ 119.99916, -26.591744 ], [ 119.85893, -26.501007 ], [ 119.104161, -26.426767 ], [ 119.017548, -26.435016 ], [ 118.844322, -26.542251 ], [ 118.50612, -26.58762 ] ] ] } },
{ "type": "Feature", "properties": { "scalerank": 3, "featurecla": "Road", "type": "Major Highway", "edited": "New in version 2.0.0", "question": 0, "length_km": 200, "toll": 0, "ne_part": "global_basic", "labelrank": 0, "ignore": 0, "add": 0, "rwdb_rd_id": 69258, "orig_fid": 35432, "uident": 0, "continent": "Oceania", "expressway": 0, "min_zoom": 3.0, "min_label": 6.0 }, "geometry": { "type": "MultiLineString", "coordinates": [ [ [ 147.047121, -26.41027 ], [ 147.203849, -26.397897 ], [ 148.008112, -26.488634 ], [ 148.366936, -26.599993 ], [ 148.820623, -26.591744 ] ] ] } },
{ "type": "Feature", "properties": { "scalerank": 7, "featurecla": "Road", "type": "Major Highway", "edited": "New in version 2.0.0", "question": 0, "length_km": 255, "toll": 0, "ne_part": "global_basic", "labelrank": 0, "ignore": 0, "add": 0, "rwdb_rd_id": 69281, "orig_fid": 35444, "uident": 0, "continent": "Oceania", "expressway": 0, "min_zoom": 7.0, "min_label": 9.5 }, "geometry": { "type": "MultiLineString", "coordinates": [ [ [ 150.119816, -24.496538 ], [ 150.12394, -24.702759 ], [ 150.165185, -24.842989 ], [ 150.045576, -24.991469 ], [ 150.05795, -25.144072 ], [ 149.996083, -25.189441 ], [ 149.855853, -25.436906 ], [ 149.773364, -25.511146 ], [ 149.756867, -25.614256 ], [ 149.880599, -25.828726 ], [ 149.913595, -26.051445 ], [ 150.070323, -26.319533 ], [ 150.070323, -26.496883 ], [ 150.136314, -26.558749 ], [ 150.185807, -26.678357 ] ] ] } },
{ "type": "Feature", "properties": { "scalerank": 3, "featurecla": "Road", "type": "Major Highway", "edited": "New in version 2.0.0", "question": 0, "length_km": 153, "toll": 0, "ne_part": "global_basic", "labelrank": 0, "ignore": 0, "add": 0, "rwdb_rd_id": 69282, "orig_fid": 35445, "uident": 0, "continent": "Oceania", "expressway": 0, "min_zoom": 3.0, "min_label": 6.0 }, "geometry": { "type": "MultiLineString", "coordinates": [ [ [ 148.820623, -26.591744 ], [ 149.365047, -26.583496 ], [ 150.185807, -26.678357 ] ] ] } },
{ "type": "Feature", "properties": { "scalerank": 6, "featurecla": "Road", "type": "Major Highway", "edited": "New in version 2.0.0", "question": 0, "length_km": 50, "toll": 0, "ne_part": "global_basic", "labelrank": 0, "ignore": 0, "add": 0, "rwdb_rd_id": 69283, "orig_fid": 35446, "uident": 0, "continent": "Oceania", "expressway": 0, "min_zoom": 6.0, "min_label": 8.5 }, "geometry": { "type": "MultiLineString", "coordinates": [ [ [ 152.074792, -26.204049 ], [ 152.058294, -26.517505 ], [ 152.01705, -26.571122 ], [ 152.000552, -26.682482 ] ] ] } },
{ "type": "Feature", "properties": { "scalerank": 4, "featurecla": "Road", "type": "Secondary Highway", "edited": "New in version 2.0.0", "question": 0, "length_km": 466, "toll": 0, "ne_part": "global_basic", "labelrank": 0, "ignore": 0, "add": 0, "rwdb_rd_id": 69285, "orig_fid": 35447, "uident": 0, "continent": "Oceania", "expressway": 0, "min_zoom": 4.0, "min_label": 7.0 }, "geometry": { "type": "MultiLineString", "coordinates": [ [ [ 142.687607, -25.416284 ], [ 142.732976, -25.416284 ], [ 143.034059, -25.659625 ], [ 143.285648, -25.704994 ], [ 143.405257, -25.960708 ], [ 143.409381, -26.113311 ], [ 143.6321, -26.385523 ], [ 143.792952, -26.472136 ], [ 143.850694, -26.575247 ], [ 143.945556, -26.637113 ], [ 144.370371, -26.604118 ], [ 144.799311, -26.657735 ], [ 145.70256, -26.686606 ], [ 146.024265, -26.538127 ], [ 146.230486, -26.402021 ] ] ] } },
{ "type": "Feature", "properties": { "scalerank": 7, "featurecla": "Road", "type": "Secondary Highway", "edited": "New in version 2.0.0", "question": 0, "length_km": 819, "toll": 0, "ne_part": "global_basic", "labelrank": 0, "ignore": 0, "add": 0, "rwdb_rd_id": 69289, "orig_fid": 35449, "uident": 0, "continent": "Oceania", "expressway": 0, "min_zoom": 7.0, "min_label": 9.5 }, "geometry": { "type": "MultiLineString", "coordinates": [ [ [ 120.209506, -26.58762 ], [ 120.341487, -26.641237 ], [ 120.597202, -26.620615 ], [ 120.918907, -26.694855 ], [ 121.698422, -26.534002 ], [ 121.780911, -26.468012 ], [ 121.822155, -26.37315 ], [ 121.933514, -26.29891 ], [ 121.962385, -26.100938 ], [ 122.197477, -25.952459 ], [ 122.296464, -25.915339 ], [ 122.411947, -25.919464 ], [ 122.5728, -25.824602 ], [ 122.692408, -25.816353 ], [ 122.721279, -25.775109 ], [ 123.018237, -25.787482 ], [ 123.088353, -25.742113 ], [ 123.113099, -25.671998 ], [ 123.290449, -25.47815 ], [ 123.830749, -25.408035 ], [ 124.39167, -25.391538 ], [ 124.602016, -25.185316 ], [ 124.676255, -25.172943 ], [ 125.084573, -25.172943 ], [ 125.195932, -25.304925 ], [ 125.204181, -25.395662 ], [ 125.299043, -25.531768 ], [ 125.550633, -25.622505 ], [ 125.612499, -25.69262 ], [ 125.71561, -25.684371 ], [ 125.905333, -25.733865 ], [ 125.806347, -26.133934 ], [ 126.235287, -26.249417 ] ] ] } },
{ "type": "Feature", "properties": { "scalerank": 3, "featurecla": "Road", "type": "Major Highway", "edited": "New in version 2.0.0", "question": 0, "length_km": 69, "toll": 0, "ne_part": "global_basic", "labelrank": 0, "ignore": 0, "add": 0, "rwdb_rd_id": 69409, "orig_fid": 35529, "uident": 0, "continent": "Oceania", "expressway": 1, "min_zoom": 3.0, "min_label": 6.0 }, "geometry": { "type": "MultiLineString", "coordinates": [ [ [ 152.91205, -26.443265 ], [ 153.05228, -26.756721 ], [ 152.97804, -27.082551 ] ] ] } },
{ "type": "Feature", "properties": { "scalerank": 6, "featurecla": "Road", "type": "Major Highway", "edited": "New in version 2.0.0", "question": 0, "length_km": 134, "toll": 0, "ne_part": "global_basic", "labelrank": 0, "ignore": 0, "add": 0, "rwdb_rd_id": 69410, "orig_fid": 35530, "uident": 0, "continent": "Oceania", "expressway": 0, "min_zoom": 6.0, "min_label": 8.5 }, "geometry": { "type": "MultiLineString", "coordinates": [ [ [ 152.000552, -26.682482 ], [ 151.97993, -26.785592 ], [ 152.033548, -26.87633 ], [ 152.318133, -26.913449 ], [ 152.388248, -26.958818 ], [ 152.780068, -26.946445 ], [ 152.887303, -27.057804 ], [ 152.97804, -27.082551 ] ] ] } },
{ "type": "Feature", "properties": { "scalerank": 7, "featurecla": "Road", "type": "Major Highway", "edited": "New in version 2.0.0", "question": 0, "length_km": 127, "toll": 0, "ne_part": "global_basic", "labelrank": 0, "ignore": 0, "add": 0, "rwdb_rd_id": 69442, "orig_fid": 35548, "uident": 0, "continent": "Oceania", "expressway": 0, "min_zoom": 7.0, "min_label": 9.5 }, "geometry": { "type": "MultiLineString", "coordinates": [ [ [ 152.000552, -26.682482 ], [ 151.843824, -26.5505 ], [ 151.707718, -26.690731 ], [ 151.497373, -26.769095 ], [ 151.443755, -26.814463 ], [ 151.452004, -26.938196 ], [ 151.311774, -27.012435 ], [ 151.315898, -27.090799 ], [ 151.254032, -27.189786 ] ] ] } },
{ "type": "Feature", "properties": { "scalerank": 3, "featurecla": "Road", "type": "Major Highway", "edited": "New in version 2.0.0", "question": 0, "length_km": 133, "toll": 0, "ne_part": "global_basic", "labelrank": 0, "ignore": 0, "add": 0, "rwdb_rd_id": 69443, "orig_fid": 35549, "uident": 0, "continent": "Oceania", "expressway": 0, "min_zoom": 3.0, "min_label": 6.0 }, "geometry": { "type": "MultiLineString", "coordinates": [ [ [ 150.185807, -26.678357 ], [ 150.594124, -26.744348 ], [ 151.006567, -27.004187 ], [ 151.117926, -27.132044 ], [ 151.254032, -27.189786 ] ] ] } },
{ "type": "Feature", "properties": { "scalerank": 3, "featurecla": "Road", "type": "Major Highway", "edited": "New in version 2.0.0", "question": 0, "length_km": 44, "toll": 0, "ne_part": "global_basic", "labelrank": 0, "ignore": 0, "add": 0, "rwdb_rd_id": 69529, "orig_fid": 35607, "uident": 0, "continent": "Oceania", "expressway": 1, "min_zoom": 3.0, "min_label": 6.0 }, "geometry": { "type": "MultiLineString", "coordinates": [ [ [ 152.97804, -27.082551 ], [ 152.982165, -27.251652 ], [ 153.077027, -27.507366 ] ] ] } },
{ "type": "Feature", "properties": { "scalerank": 3, "featurecla": "Road", "type": "Major Highway", "edited": "New in version 2.0.0", "question": 0, "length_km": 86, "toll": 0, "ne_part": "global_basic", "labelrank": 0, "ignore": 0, "add": 0, "rwdb_rd_id": 69534, "orig_fid": 35610, "uident": 0, "continent": "Oceania", "expressway": 0, "min_zoom": 3.0, "min_label": 6.0 }, "geometry": { "type": "MultiLineString", "coordinates": [ [ [ 151.254032, -27.189786 ], [ 151.37364, -27.297021 ], [ 151.456129, -27.313518 ], [ 151.612857, -27.420753 ], [ 151.938686, -27.573357 ] ] ] } },
{ "type": "Feature", "properties": { "scalerank": 3, "featurecla": "Road", "type": "Major Highway", "edited": "New in version 2.0.0", "question": 0, "length_km": 26, "toll": 0, "ne_part": "global_basic", "labelrank": 0, "ignore": 0, "add": 0, "rwdb_rd_id": 69539, "orig_fid": 35614, "uident": 0, "continent": "Oceania", "expressway": 1, "min_zoom": 3.0, "min_label": 6.0 }, "geometry": { "type": "MultiLineString", "coordinates": [ [ [ 152.862557, -27.606352 ], [ 153.077027, -27.507366 ] ] ] } },
{ "type": "Feature", "properties": { "scalerank": 3, "featurecla": "Road", "type": "Major Highway", "edited": "New in version 2.0.0", "question": 0, "length_km": 105, "toll": 0, "ne_part": "global_basic", "labelrank": 0, "ignore": 0, "add": 0, "rwdb_rd_id": 69540, "orig_fid": 35615, "uident": 0, "continent": "Oceania", "expressway": 1, "min_zoom": 3.0, "min_label": 6.0 }, "geometry": { "type": "MultiLineString", "coordinates": [ [ [ 151.938686, -27.573357 ], [ 152.272764, -27.523864 ], [ 152.433617, -27.581606 ], [ 152.569723, -27.569232 ], [ 152.862557, -27.606352 ] ] ] } },
{ "type": "Feature", "properties": { "scalerank": 6, "featurecla": "Road", "type": "Major Highway", "edited": "New in version 2.0.0", "question": 0, "length_km": 115, "toll": 0, "ne_part": "global_basic", "labelrank": 0, "ignore": 0, "add": 0, "rwdb_rd_id": 69578, "orig_fid": 35642, "uident": 0, "continent": "Oceania", "expressway": 0, "min_zoom": 6.0, "min_label": 8.5 }, "geometry": { "type": "MultiLineString", "coordinates": [ [ [ 150.363157, -27.721836 ], [ 150.420899, -27.65997 ], [ 150.713733, -27.511491 ], [ 150.862212, -27.346514 ], [ 150.952949, -27.342389 ], [ 151.254032, -27.189786 ] ] ] } },
{ "type": "Feature", "properties": { "scalerank": 4, "featurecla": "Road", "type": "Major Highway", "edited": "New in version 2.0.0", "question": 0, "length_km": 114, "toll": 0, "ne_part": "global_basic", "labelrank": 0, "ignore": 0, "add": 0, "rwdb_rd_id": 69579, "orig_fid": 35643, "uident": 0, "continent": "Oceania", "expressway": 0, "min_zoom": 4.0, "min_label": 7.0 }, "geometry": { "type": "MultiLineString", "coordinates": [ [ [ 150.185807, -26.678357 ], [ 150.194055, -26.744348 ], [ 150.136314, -26.909325 ], [ 150.177558, -27.379509 ], [ 150.2353, -27.581606 ], [ 150.363157, -27.721836 ] ] ] } },
{ "type": "Feature", "properties": { "scalerank": 6, "featurecla": "Road", "type": "Major Highway", "edited": "New in version 2.0.0", "question": 0, "length_km": 162, "toll": 0, "ne_part": "global_basic", "labelrank": 0, "ignore": 0, "add": 0, "rwdb_rd_id": 69653, "orig_fid": 35689, "uident": 0, "continent": "Oceania", "expressway": 0, "min_zoom": 6.0, "min_label": 8.5 }, "geometry": { "type": "MultiLineString", "coordinates": [ [ [ 148.820623, -26.591744 ], [ 149.030968, -26.971191 ], [ 149.059839, -27.094924 ], [ 149.02272, -27.226905 ], [ 148.894862, -27.325892 ], [ 148.832996, -27.429002 ], [ 148.812374, -27.635223 ], [ 148.668019, -28.006421 ] ] ] } },
{ "type": "Feature", "properties": { "scalerank": 6, "featurecla": "Road", "type": "Major Highway", "edited": "New in version 2.0.0", "question": 0, "length_km": 197, "toll": 0, "ne_part": "global_basic", "labelrank": 0, "ignore": 0, "add": 0, "rwdb_rd_id": 69658, "orig_fid": 35694, "uident": 0, "continent": "Oceania", "expressway": 0, "min_zoom": 6.0, "min_label": 8.5 }, "geometry": { "type": "MultiLineString", "coordinates": [ [ [ 150.363157, -27.721836 ], [ 150.2353, -27.824947 ], [ 149.859977, -27.94043 ], [ 149.59189, -27.919808 ], [ 149.476406, -27.97755 ], [ 149.20007, -28.01467 ], [ 148.997973, -27.973426 ], [ 148.668019, -28.006421 ] ] ] } },
{ "type": "Feature", "properties": { "scalerank": 6, "featurecla": "Road", "type": "Major Highway", "edited": "New in version 2.0.0", "question": 0, "length_km": 7, "toll": 0, "ne_part": "global_basic", "labelrank": 0, "ignore": 0, "add": 0, "rwdb_rd_id": 69660, "orig_fid": 35695, "uident": 0, "continent": "Oceania", "expressway": 0, "min_zoom": 6.0, "min_label": 8.5 }, "geometry": { "type": "MultiLineString", "coordinates": [ [ [ 148.668019, -28.006421 ], [ 148.606153, -28.031168 ] ] ] } },
{ "type": "Feature", "properties": { "scalerank": 6, "featurecla": "Road", "type": "Major Highway", "edited": "New in version 2.0.0", "question": 0, "length_km": 331, "toll": 0, "ne_part": "global_basic", "labelrank": 0, "ignore": 0, "add": 0, "rwdb_rd_id": 69664, "orig_fid": 35699, "uident": 0, "continent": "Oceania", "expressway": 0, "min_zoom": 6.0, "min_label": 8.5 }, "geometry": { "type": "MultiLineString", "coordinates": [ [ [ 148.606153, -28.031168 ], [ 148.498918, -28.047665 ], [ 148.259701, -27.969301 ], [ 147.98749, -27.981675 ], [ 147.834886, -27.948679 ], [ 147.480186, -28.039417 ], [ 147.117236, -27.969301 ], [ 146.535693, -27.985799 ], [ 146.333596, -28.018794 ], [ 146.172744, -27.948679 ], [ 145.904656, -28.043541 ], [ 145.710809, -28.068288 ] ] ] } },
{ "type": "Feature", "properties": { "scalerank": 4, "featurecla": "Road", "type": "Major Highway", "edited": "New in version 2.0.0", "question": 0, "length_km": 179, "toll": 0, "ne_part": "global_basic", "labelrank": 0, "ignore": 0, "add": 0, "rwdb_rd_id": 69665, "orig_fid": 35700, "uident": 0, "continent": "Oceania", "expressway": 0, "min_zoom": 4.0, "min_label": 7.0 }, "geometry": { "type": "MultiLineString", "coordinates": [ [ [ 145.710809, -28.068288 ], [ 145.896408, -27.8002 ], [ 145.937652, -27.396007 ], [ 146.024265, -27.144417 ], [ 146.090255, -26.806214 ], [ 146.19749, -26.604118 ], [ 146.230486, -26.402021 ] ] ] } },
{ "type": "Feature", "properties": { "scalerank": 4, "featurecla": "Road", "type": "Major Highway", "edited": "New in version 2.0.0", "question": 0, "length_km": 181, "toll": 0, "ne_part": "global_basic", "labelrank": 0, "ignore": 0, "add": 0, "rwdb_rd_id": 69668, "orig_fid": 35701, "uident": 0, "continent": "Oceania", "expressway": 0, "min_zoom": 4.0, "min_label": 7.0 }, "geometry": { "type": "MultiLineString", "coordinates": [ [ [ 118.50612, -26.58762 ], [ 118.365889, -26.868081 ], [ 118.271028, -26.896952 ], [ 117.879207, -27.433127 ], [ 117.920452, -27.862066 ], [ 117.875083, -27.919808 ], [ 117.850336, -28.072412 ] ] ] } },
{ "type": "Feature", "properties": { "scalerank": 3, "featurecla": "Road", "type": "Major Highway", "edited": "New in version 2.0.0", "question": 0, "length_km": 109, "toll": 0, "ne_part": "global_basic", "labelrank": 0, "ignore": 0, "add": 0, "rwdb_rd_id": 69679, "orig_fid": 35708, "uident": 0, "continent": "Oceania", "expressway": 0, "min_zoom": 3.0, "min_label": 6.0 }, "geometry": { "type": "MultiLineString", "coordinates": [ [ [ 152.862557, -27.606352 ], [ 152.681082, -27.705338 ], [ 152.544976, -27.994048 ], [ 152.392373, -28.064163 ], [ 152.136658, -28.097158 ], [ 152.087165, -28.130154 ] ] ] } },
{ "type": "Feature", "properties": { "scalerank": 4, "featurecla": "Road", "type": "Major Highway", "edited": "New in version 2.0.0", "question": 0, "length_km": 64, "toll": 0, "ne_part": "global_basic", "labelrank": 0, "ignore": 0, "add": 0, "rwdb_rd_id": 69680, "orig_fid": 35709, "uident": 0, "continent": "Oceania", "expressway": 0, "min_zoom": 4.0, "min_label": 7.0 }, "geometry": { "type": "MultiLineString", "coordinates": [ [ [ 152.087165, -28.130154 ], [ 151.988179, -28.031168 ], [ 152.000552, -27.965177 ], [ 151.909815, -27.668219 ], [ 151.938686, -27.573357 ] ] ] } },
{ "type": "Feature", "properties": { "scalerank": 6, "featurecla": "Road", "type": "Secondary Highway", "edited": "New in version 2.0.0", "question": 0, "length_km": 215, "toll": 0, "ne_part": "global_basic", "labelrank": 0, "ignore": 0, "add": 0, "rwdb_rd_id": 69684, "orig_fid": 35712, "uident": 0, "continent": "Oceania", "expressway": 0, "min_zoom": 6.0, "min_label": 8.5 }, "geometry": { "type": "MultiLineString", "coordinates": [ [ [ 145.710809, -28.068288 ], [ 145.459219, -28.08891 ], [ 145.314864, -28.064163 ], [ 145.108643, -28.150776 ], [ 145.013781, -28.1549 ], [ 144.283758, -28.080661 ], [ 144.151777, -28.101283 ], [ 143.995049, -28.018794 ], [ 143.830072, -28.002297 ] ] ] } },
{ "type": "Feature", "properties": { "scalerank": 7, "featurecla": "Road", "type": "Secondary Highway", "edited": "New in version 2.0.0", "question": 0, "length_km": 166, "toll": 0, "ne_part": "global_basic", "labelrank": 0, "ignore": 0, "add": 0, "rwdb_rd_id": 69693, "orig_fid": 35720, "uident": 0, "continent": "Oceania", "expressway": 0, "min_zoom": 7.0, "min_label": 9.5 }, "geometry": { "type": "MultiLineString", "coordinates": [ [ [ 119.236142, -27.998172 ], [ 118.580359, -28.010546 ], [ 118.497871, -28.039417 ], [ 118.444253, -28.138403 ], [ 118.35764, -28.212642 ], [ 118.101926, -28.163149 ], [ 118.064806, -28.126029 ], [ 117.953447, -28.121905 ], [ 117.850336, -28.072412 ] ] ] } },
{ "type": "Feature", "properties": { "scalerank": 3, "featurecla": "Road", "type": "Major Highway", "edited": "New in version 2.0.0", "question": 0, "length_km": 14, "toll": 0, "ne_part": "global_basic", "labelrank": 0, "ignore": 0, "add": 0, "rwdb_rd_id": 69704, "orig_fid": 35726, "uident": 0, "continent": "Oceania", "expressway": 0, "min_zoom": 3.0, "min_label": 6.0 }, "geometry": { "type": "MultiLineString", "coordinates": [ [ [ 152.087165, -28.130154 ], [ 152.021175, -28.245638 ] ] ] } },
{ "type": "Feature", "properties": { "scalerank": 7, "featurecla": "Road", "type": "Major Highway", "edited": "New in version 2.0.0", "question": 0, "length_km": 41, "toll": 0, "ne_part": "global_basic", "labelrank": 0, "ignore": 0, "add": 0, "rwdb_rd_id": 69738, "orig_fid": 35750, "uident": 0, "continent": "Oceania", "expressway": 0, "min_zoom": 7.0, "min_label": 9.5 }, "geometry": { "type": "MultiLineString", "coordinates": [ [ [ 148.606153, -28.031168 ], [ 148.713388, -28.167274 ], [ 148.804125, -28.36937 ] ] ] } },
{ "type": "Feature", "properties": { "scalerank": 4, "featurecla": "Road", "type": "Major Highway", "edited": "New in version 2.0.0", "question": 0, "length_km": 82, "toll": 0, "ne_part": "global_basic", "labelrank": 0, "ignore": 0, "add": 0, "rwdb_rd_id": 69778, "orig_fid": 35781, "uident": 0, "continent": "Oceania", "expressway": 0, "min_zoom": 4.0, "min_label": 7.0 }, "geometry": { "type": "MultiLineString", "coordinates": [ [ [ 150.363157, -27.721836 ], [ 150.363157, -27.882689 ], [ 150.260046, -28.196145 ], [ 150.264171, -28.530223 ] ] ] } },
{ "type": "Feature", "properties": { "scalerank": 7, "featurecla": "Road", "type": "Major Highway", "edited": "New in version 2.0.0", "question": 0, "length_km": 168, "toll": 0, "ne_part": "global_basic", "labelrank": 0, "ignore": 0, "add": 0, "rwdb_rd_id": 69779, "orig_fid": 35782, "uident": 0, "continent": "Oceania", "expressway": 0, "min_zoom": 7.0, "min_label": 9.5 }, "geometry": { "type": "MultiLineString", "coordinates": [ [ [ 148.804125, -28.36937 ], [ 149.014471, -28.361122 ], [ 149.257812, -28.414739 ], [ 149.369171, -28.48073 ], [ 149.674378, -28.427112 ], [ 149.942466, -28.435361 ], [ 150.078572, -28.501352 ], [ 150.264171, -28.530223 ] ] ] } },
{ "type": "Feature", "properties": { "scalerank": 6, "featurecla": "Road", "type": "Secondary Highway", "edited": "New in version 2.0.0", "question": 0, "length_km": 266, "toll": 0, "ne_part": "global_basic", "labelrank": 0, "ignore": 0, "add": 0, "rwdb_rd_id": 69784, "orig_fid": 35787, "uident": 0, "continent": "Oceania", "expressway": 0, "min_zoom": 6.0, "min_label": 8.5 }, "geometry": { "type": "MultiLineString", "coordinates": [ [ [ 115.536536, -28.559094 ], [ 115.994346, -28.451859 ], [ 116.262434, -28.435361 ], [ 116.332549, -28.381744 ], [ 116.604761, -28.328126 ], [ 116.905844, -28.332251 ], [ 117.190429, -28.282757 ], [ 117.351281, -28.196145 ], [ 117.623493, -28.167274 ], [ 117.850336, -28.072412 ] ] ] } },
{ "type": "Feature", "properties": { "scalerank": 6, "featurecla": "Road", "type": "Secondary Highway", "edited": "New in version 2.0.0", "question": 0, "length_km": 623, "toll": 0, "ne_part": "global_basic", "labelrank": 0, "ignore": 0, "add": 0, "rwdb_rd_id": 69785, "orig_fid": 35788, "uident": 0, "continent": "Oceania", "expressway": 0, "min_zoom": 6.0, "min_label": 8.5 }, "geometry": { "type": "MultiLineString", "coordinates": [ [ [ 113.750661, -24.867736 ], [ 114.109485, -24.822367 ], [ 114.381697, -24.847114 ], [ 114.513679, -24.913105 ], [ 114.637412, -25.036837 ], [ 115.020983, -25.098704 ], [ 115.14884, -25.069833 ], [ 115.346812, -25.08633 ], [ 115.553033, -25.3008 ], [ 115.849992, -25.313173 ], [ 116.085084, -25.465777 ], [ 115.973724, -25.770984 ], [ 116.130452, -26.067943 ], [ 116.130452, -26.154556 ], [ 115.924231, -26.430892 ], [ 115.874738, -26.723726 ], [ 115.93248, -26.958818 ], [ 115.866489, -27.070177 ], [ 115.866489, -27.313518 ], [ 115.75513, -27.54861 ], [ 115.701512, -27.791951 ], [ 115.652019, -27.853818 ], [ 115.685015, -28.130154 ], [ 115.569531, -28.435361 ], [ 115.507665, -28.505476 ], [ 115.536536, -28.559094 ] ] ] } },
{ "type": "Feature", "properties": { "scalerank": 3, "featurecla": "Road", "type": "Major Highway", "edited": "New in version 2.0.0", "question": 0, "length_km": 211, "toll": 0, "ne_part": "global_basic", "labelrank": 0, "ignore": 0, "add": 0, "rwdb_rd_id": 69794, "orig_fid": 35797, "uident": 0, "continent": "Oceania", "expressway": 0, "min_zoom": 3.0, "min_label": 6.0 }, "geometry": { "type": "MultiLineString", "coordinates": [ [ [ 150.264171, -28.530223 ], [ 150.511636, -28.509601 ], [ 150.792097, -28.604462 ], [ 151.039562, -28.439486 ], [ 151.324147, -28.402366 ], [ 151.649977, -28.179647 ], [ 152.021175, -28.245638 ] ] ] } },
{ "type": "Feature", "properties": { "scalerank": 3, "featurecla": "Road", "type": "Major Highway", "edited": "New in version 2.0.0", "question": 0, "length_km": 15, "toll": 0, "ne_part": "global_basic", "labelrank": 0, "ignore": 0, "add": 0, "rwdb_rd_id": 69806, "orig_fid": 35803, "uident": 0, "continent": "Oceania", "expressway": 0, "min_zoom": 3.0, "min_label": 6.0 }, "geometry": { "type": "MultiLineString", "coordinates": [ [ [ 150.264171, -28.530223 ], [ 150.346659, -28.641582 ] ] ] } },
{ "type": "Feature", "properties": { "scalerank": 6, "featurecla": "Road", "type": "Secondary Highway", "edited": "New in version 2.0.0", "question": 0, "length_km": 105, "toll": 0, "ne_part": "global_basic", "labelrank": 0, "ignore": 0, "add": 0, "rwdb_rd_id": 69839, "orig_fid": 35823, "uident": 0, "continent": "Oceania", "expressway": 0, "min_zoom": 6.0, "min_label": 8.5 }, "geometry": { "type": "MultiLineString", "coordinates": [ [ [ 114.641536, -28.785937 ], [ 114.847757, -28.703449 ], [ 115.264324, -28.6952 ], [ 115.536536, -28.559094 ] ] ] } },
{ "type": "Feature", "properties": { "scalerank": 3, "featurecla": "Road", "type": "Major Highway", "edited": "New in version 2.0.0", "question": 0, "length_km": 443, "toll": 0, "ne_part": "global_basic", "labelrank": 0, "ignore": 0, "add": 0, "rwdb_rd_id": 69840, "orig_fid": 35824, "uident": 0, "continent": "Oceania", "expressway": 0, "min_zoom": 3.0, "min_label": 6.0 }, "geometry": { "type": "MultiLineString", "coordinates": [ [ [ 114.641536, -28.785937 ], [ 114.620914, -28.36937 ], [ 114.68278, -27.895062 ], [ 114.658034, -27.758956 ], [ 114.728149, -27.474371 ], [ 114.587918, -27.292896 ], [ 114.64566, -27.066053 ], [ 114.633287, -26.884578 ], [ 114.278587, -26.001952 ], [ 114.282711, -25.775109 ], [ 113.923886, -25.350293 ], [ 113.837274, -25.152321 ], [ 113.655799, -24.896607 ], [ 113.750661, -24.867736 ] ] ] } },
{ "type": "Feature", "properties": { "scalerank": 5, "featurecla": "Road", "type": "Major Highway", "edited": "New in version 2.0.0", "question": 0, "length_km": 304, "toll": 0, "ne_part": "global_basic", "labelrank": 0, "ignore": 0, "add": 0, "rwdb_rd_id": 69853, "orig_fid": 35834, "uident": 0, "continent": "Oceania", "expressway": 0, "min_zoom": 5.0, "min_label": 8.0 }, "geometry": { "type": "MultiLineString", "coordinates": [ [ [ 121.318976, -28.868425 ], [ 121.199367, -28.748817 ], [ 121.207616, -28.662204 ], [ 121.067386, -28.237389 ], [ 120.89416, -28.126029 ], [ 120.745681, -27.928057 ], [ 120.531211, -28.010546 ], [ 120.560082, -27.680592 ], [ 120.531211, -27.606352 ], [ 120.588953, -27.532113 ], [ 120.53946, -27.400131 ], [ 120.551833, -27.239279 ], [ 120.489967, -27.15679 ], [ 120.440474, -26.962942 ], [ 120.267248, -26.777343 ], [ 120.209506, -26.58762 ] ] ] } },
{ "type": "Feature", "properties": { "scalerank": 3, "featurecla": "Road", "type": "Major Highway", "edited": "New in version 2.0.0", "question": 0, "length_km": 91, "toll": 0, "ne_part": "global_basic", "labelrank": 0, "ignore": 0, "add": 0, "rwdb_rd_id": 69859, "orig_fid": 35838, "uident": 0, "continent": "Oceania", "expressway": 1, "min_zoom": 3.0, "min_label": 6.0 }, "geometry": { "type": "MultiLineString", "coordinates": [ [ [ 153.077027, -27.507366 ], [ 153.324492, -27.886813 ], [ 153.353363, -28.08891 ], [ 153.530713, -28.225016 ] ] ] } },
{ "type": "Feature", "properties": { "scalerank": 6, "featurecla": "Road", "type": "Track", "edited": "New in version 2.0.0", "question": 0, "length_km": 663, "toll": 0, "ne_part": "global_basic", "labelrank": 0, "ignore": 0, "add": 0, "rwdb_rd_id": 69868, "orig_fid": 35845, "uident": 0, "continent": "Oceania", "expressway": 0, "min_zoom": 6.0, "min_label": 8.5 }, "geometry": { "type": "MultiLineString", "coordinates": [ [ [ 126.235287, -26.249417 ], [ 126.214665, -26.364901 ], [ 125.876462, -26.604118 ], [ 125.748605, -26.797965 ], [ 125.645494, -26.859832 ], [ 125.24955, -27.05368 ], [ 124.874227, -27.037182 ], [ 124.676255, -27.140293 ], [ 124.56902, -27.148541 ], [ 124.399919, -27.23103 ], [ 124.375172, -27.367136 ], [ 124.313306, -27.4455 ], [ 124.280311, -27.643472 ], [ 124.123583, -27.713587 ], [ 123.958606, -27.849693 ], [ 123.768882, -27.857942 ], [ 123.649274, -27.919808 ], [ 123.047108, -27.923933 ], [ 122.845012, -28.043541 ], [ 122.671786, -28.311628 ], [ 122.39545, -28.58384 ], [ 122.267593, -28.546721 ], [ 121.987132, -28.765315 ], [ 121.603561, -28.922043 ], [ 121.318976, -28.868425 ] ] ] } },
{ "type": "Feature", "properties": { "scalerank": 10, "featurecla": "Road", "type": "Unknown", "edited": "New in version 2.0.0", "question": 0, "length_km": 66, "toll": 0, "ne_part": "global_basic", "labelrank": 0, "ignore": 0, "add": 0, "rwdb_rd_id": 69879, "orig_fid": 35854, "uident": 0, "continent": "Oceania", "expressway": 0, "min_zoom": 7.7, "min_label": 10.2 }, "geometry": { "type": "MultiLineString", "coordinates": [ [ [ 148.804125, -28.36937 ], [ 148.894862, -28.847803 ], [ 148.993849, -28.988034 ] ] ] } },
{ "type": "Feature", "properties": { "scalerank": 3, "featurecla": "Road", "type": "Major Highway", "edited": "New in version 2.0.0", "question": 0, "length_km": 97, "toll": 0, "ne_part": "global_basic", "labelrank": 0, "ignore": 0, "add": 0, "rwdb_rd_id": 69885, "orig_fid": 35857, "uident": 0, "continent": "Oceania", "expressway": 0, "min_zoom": 3.0, "min_label": 6.0 }, "geometry": { "type": "MultiLineString", "coordinates": [ [ [ 152.021175, -28.245638 ], [ 151.918064, -28.344624 ], [ 151.951059, -28.604462 ], [ 151.827327, -28.79831 ], [ 151.926313, -28.996283 ], [ 151.988179, -29.033402 ] ] ] } },
{ "type": "Feature", "properties": { "scalerank": 6, "featurecla": "Road", "type": "Major Highway", "edited": "New in version 2.0.0", "question": 0, "length_km": 177, "toll": 0, "ne_part": "global_basic", "labelrank": 0, "ignore": 0, "add": 0, "rwdb_rd_id": 69890, "orig_fid": 35861, "uident": 0, "continent": "Oceania", "expressway": 0, "min_zoom": 6.0, "min_label": 8.5 }, "geometry": { "type": "MultiLineString", "coordinates": [ [ [ 153.489469, -28.889048 ], [ 153.332741, -28.818932 ], [ 153.209008, -28.893172 ], [ 152.862557, -28.827181 ], [ 152.69758, -28.905545 ], [ 152.532603, -28.884923 ], [ 152.396497, -28.926167 ], [ 152.256267, -28.926167 ], [ 151.996428, -29.054024 ] ] ] } },
{ "type": "Feature", "properties": { "scalerank": 10, "featurecla": "Road", "type": "Unknown", "edited": "New in version 2.0.0", "question": 0, "length_km": 2, "toll": 0, "ne_part": "global_basic", "labelrank": 0, "ignore": 0, "add": 0, "rwdb_rd_id": 69891, "orig_fid": 35862, "uident": 0, "continent": "Oceania", "expressway": 0, "min_zoom": 7.7, "min_label": 10.2 }, "geometry": { "type": "MultiLineString", "coordinates": [ [ [ 151.988179, -29.033402 ], [ 151.996428, -29.054024 ] ] ] } },
{ "type": "Feature", "properties": { "scalerank": 7, "featurecla": "Road", "type": "Major Highway", "edited": "New in version 2.0.0", "question": 0, "length_km": 216, "toll": 0, "ne_part": "global_basic", "labelrank": 0, "ignore": 0, "add": 0, "rwdb_rd_id": 69918, "orig_fid": 35883, "uident": 0, "continent": "Oceania", "expressway": 0, "min_zoom": 7.0, "min_label": 9.5 }, "geometry": { "type": "MultiLineString", "coordinates": [ [ [ 151.988179, -29.033402 ], [ 151.897442, -29.021029 ], [ 151.773709, -29.058149 ], [ 151.658225, -29.01278 ], [ 151.559239, -29.016905 ], [ 151.468502, -29.136513 ], [ 151.344769, -29.202504 ], [ 151.27053, -29.12414 ], [ 151.237534, -28.996283 ], [ 151.113802, -28.901421 ], [ 150.816843, -28.934416 ], [ 150.51576, -28.781813 ], [ 150.346659, -28.641582 ] ] ] } },
{ "type": "Feature", "properties": { "scalerank": 6, "featurecla": "Road", "type": "Secondary Highway", "edited": "New in version 2.0.0", "question": 0, "length_km": 87, "toll": 0, "ne_part": "global_basic", "labelrank": 0, "ignore": 0, "add": 0, "rwdb_rd_id": 69922, "orig_fid": 35885, "uident": 0, "continent": "Oceania", "expressway": 0, "min_zoom": 6.0, "min_label": 8.5 }, "geometry": { "type": "MultiLineString", "coordinates": [ [ [ 115.536536, -28.559094 ], [ 115.664393, -28.699324 ], [ 115.664393, -28.785937 ], [ 115.751006, -28.827181 ], [ 115.936605, -29.037527 ], [ 115.994346, -29.219001 ] ] ] } },
{ "type": "Feature", "properties": { "scalerank": 3, "featurecla": "Road", "type": "Major Highway", "edited": "New in version 2.0.0", "question": 0, "length_km": 103, "toll": 0, "ne_part": "global_basic", "labelrank": 0, "ignore": 0, "add": 0, "rwdb_rd_id": 69977, "orig_fid": 35929, "uident": 0, "continent": "Oceania", "expressway": 0, "min_zoom": 3.0, "min_label": 6.0 }, "geometry": { "type": "MultiLineString", "coordinates": [ [ [ 149.826982, -29.47884 ], [ 149.888848, -29.44172 ], [ 150.070323, -28.992158 ], [ 150.231175, -28.847803 ], [ 150.346659, -28.641582 ] ] ] } },
{ "type": "Feature", "properties": { "scalerank": 3, "featurecla": "Road", "type": "Major Highway", "edited": "New in version 2.0.0", "question": 0, "length_km": 107, "toll": 0, "ne_part": "global_basic", "labelrank": 0, "ignore": 0, "add": 0, "rwdb_rd_id": 70029, "orig_fid": 35966, "uident": 0, "continent": "Oceania", "expressway": 0, "min_zoom": 3.0, "min_label": 6.0 }, "geometry": { "type": "MultiLineString", "coordinates": [ [ [ 153.489469, -28.889048 ], [ 153.209008, -29.305614 ], [ 153.225506, -29.44172 ], [ 153.176013, -29.540706 ], [ 152.953294, -29.709808 ] ] ] } },
{ "type": "Feature", "properties": { "scalerank": 6, "featurecla": "Road", "type": "Major Highway", "edited": "New in version 2.0.0", "question": 0, "length_km": 155, "toll": 0, "ne_part": "global_basic", "labelrank": 0, "ignore": 0, "add": 0, "rwdb_rd_id": 70047, "orig_fid": 35981, "uident": 0, "continent": "Oceania", "expressway": 0, "min_zoom": 6.0, "min_label": 8.5 }, "geometry": { "type": "MultiLineString", "coordinates": [ [ [ 151.724216, -29.742803 ], [ 151.80258, -29.73043 ], [ 151.909815, -29.647941 ], [ 152.149032, -29.61907 ], [ 152.367626, -29.44172 ], [ 152.412995, -29.458218 ], [ 152.495483, -29.590199 ], [ 152.953294, -29.709808 ] ] ] } },
{ "type": "Feature", "properties": { "scalerank": 3, "featurecla": "Road", "type": "Major Highway", "edited": "New in version 2.0.0", "question": 0, "length_km": 80, "toll": 0, "ne_part": "global_basic", "labelrank": 0, "ignore": 0, "add": 0, "rwdb_rd_id": 70048, "orig_fid": 35982, "uident": 0, "continent": "Oceania", "expressway": 0, "min_zoom": 3.0, "min_label": 6.0 }, "geometry": { "type": "MultiLineString", "coordinates": [ [ [ 151.996428, -29.054024 ], [ 151.975806, -29.243748 ], [ 151.87682, -29.33861 ], [ 151.831451, -29.44172 ], [ 151.835576, -29.61907 ], [ 151.724216, -29.742803 ] ] ] } },
{ "type": "Feature", "properties": { "scalerank": 6, "featurecla": "Road", "type": "Major Highway", "edited": "New in version 2.0.0", "question": 0, "length_km": 221, "toll": 0, "ne_part": "global_basic", "labelrank": 0, "ignore": 0, "add": 0, "rwdb_rd_id": 70060, "orig_fid": 35992, "uident": 0, "continent": "Oceania", "expressway": 0, "min_zoom": 6.0, "min_label": 8.5 }, "geometry": { "type": "MultiLineString", "coordinates": [ [ [ 149.826982, -29.47884 ], [ 150.128065, -29.511835 ], [ 150.334286, -29.594324 ], [ 150.441521, -29.594324 ], [ 150.561129, -29.548955 ], [ 150.903456, -29.734554 ], [ 151.101428, -29.79642 ], [ 151.348894, -29.79642 ], [ 151.559239, -29.713932 ], [ 151.724216, -29.742803 ] ] ] } },
{ "type": "Feature", "properties": { "scalerank": 6, "featurecla": "Road", "type": "Secondary Highway", "edited": "New in version 2.0.0", "question": 0, "length_km": 117, "toll": 0, "ne_part": "global_basic", "labelrank": 0, "ignore": 0, "add": 0, "rwdb_rd_id": 70064, "orig_fid": 35996, "uident": 0, "continent": "Oceania", "expressway": 0, "min_zoom": 6.0, "min_label": 8.5 }, "geometry": { "type": "MultiLineString", "coordinates": [ [ [ 115.264324, -29.83354 ], [ 115.779876, -29.536582 ], [ 115.746881, -29.392227 ], [ 115.928356, -29.322112 ], [ 115.924231, -29.243748 ], [ 115.994346, -29.219001 ] ] ] } },
{ "type": "Feature", "properties": { "scalerank": 3, "featurecla": "Road", "type": "Major Highway", "edited": "New in version 2.0.0", "question": 0, "length_km": 131, "toll": 0, "ne_part": "global_basic", "labelrank": 0, "ignore": 0, "add": 0, "rwdb_rd_id": 70065, "orig_fid": 35997, "uident": 0, "continent": "Oceania", "expressway": 0, "min_zoom": 3.0, "min_label": 6.0 }, "geometry": { "type": "MultiLineString", "coordinates": [ [ [ 115.264324, -29.83354 ], [ 115.235453, -29.676812 ], [ 115.049854, -29.495338 ], [ 115.00861, -29.383978 ], [ 115.00861, -29.26437 ], [ 114.959116, -29.243748 ], [ 114.901375, -29.12414 ], [ 114.641536, -28.785937 ] ] ] } },
{ "type": "Feature", "properties": { "scalerank": 10, "featurecla": "Road", "type": "Unknown", "edited": "New in version 2.0.0", "question": 0, "length_km": 30, "toll": 0, "ne_part": "global_basic", "labelrank": 0, "ignore": 0, "add": 0, "rwdb_rd_id": 70073, "orig_fid": 36005, "uident": 0, "continent": "Oceania", "expressway": 0, "min_zoom": 7.7, "min_label": 10.2 }, "geometry": { "type": "MultiLineString", "coordinates": [ [ [ 115.00861, -29.866536 ], [ 115.107596, -29.883033 ], [ 115.264324, -29.83354 ] ] ] } },
{ "type": "Feature", "properties": { "scalerank": 4, "featurecla": "Road", "type": "Major Highway", "edited": "New in version 2.0.0", "question": 0, "length_km": 278, "toll": 0, "ne_part": "global_basic", "labelrank": 0, "ignore": 0, "add": 0, "rwdb_rd_id": 70111, "orig_fid": 36034, "uident": 0, "continent": "Oceania", "expressway": 0, "min_zoom": 4.0, "min_label": 7.0 }, "geometry": { "type": "MultiLineString", "coordinates": [ [ [ 117.850336, -28.072412 ], [ 117.870959, -28.204393 ], [ 117.780221, -28.58384 ], [ 117.833839, -28.922043 ], [ 117.726604, -29.054024 ], [ 117.697733, -29.235499 ], [ 117.639991, -29.272619 ], [ 117.495636, -29.272619 ], [ 117.25642, -29.371605 ], [ 117.062572, -29.746927 ], [ 116.905844, -29.899531 ], [ 116.881097, -29.961397 ], [ 116.633632, -30.097503 ] ] ] } },
{ "type": "Feature", "properties": { "scalerank": 6, "featurecla": "Road", "type": "Secondary Highway", "edited": "New in version 2.0.0", "question": 0, "length_km": 117, "toll": 0, "ne_part": "global_basic", "labelrank": 0, "ignore": 0, "add": 0, "rwdb_rd_id": 70112, "orig_fid": 36035, "uident": 0, "continent": "Oceania", "expressway": 0, "min_zoom": 6.0, "min_label": 8.5 }, "geometry": { "type": "MultiLineString", "coordinates": [ [ [ 115.994346, -29.219001 ], [ 116.200568, -29.412849 ], [ 116.332549, -29.47884 ], [ 116.36142, -29.623195 ], [ 116.452157, -29.722181 ], [ 116.633632, -30.097503 ] ] ] } },
{ "type": "Feature", "properties": { "scalerank": 4, "featurecla": "Road", "type": "Major Highway", "edited": "New in version 2.0.0", "question": 0, "length_km": 32, "toll": 0, "ne_part": "global_basic", "labelrank": 0, "ignore": 0, "add": 0, "rwdb_rd_id": 70163, "orig_fid": 36074, "uident": 0, "continent": "Oceania", "expressway": 0, "min_zoom": 4.0, "min_label": 7.0 }, "geometry": { "type": "MultiLineString", "coordinates": [ [ [ 116.633632, -30.097503 ], [ 116.658378, -30.221236 ], [ 116.641881, -30.419208 ] ] ] } },
{ "type": "Feature", "properties": { "scalerank": 4, "featurecla": "Road", "type": "Major Highway", "edited": "New in version 2.0.0", "question": 0, "length_km": 215, "toll": 0, "ne_part": "global_basic", "labelrank": 0, "ignore": 0, "add": 0, "rwdb_rd_id": 70231, "orig_fid": 36123, "uident": 0, "continent": "Oceania", "expressway": 0, "min_zoom": 4.0, "min_label": 7.0 }, "geometry": { "type": "MultiLineString", "coordinates": [ [ [ 121.318976, -28.868425 ], [ 121.384966, -28.946789 ], [ 121.393215, -29.033402 ], [ 121.306602, -29.276743 ], [ 121.265358, -29.511835 ], [ 121.03439, -29.680937 ], [ 121.137501, -29.883033 ], [ 121.186994, -30.155245 ], [ 121.306602, -30.295476 ], [ 121.368469, -30.472826 ], [ 121.442708, -30.559439 ], [ 121.467455, -30.736789 ] ] ] } },
{ "type": "Feature", "properties": { "scalerank": 3, "featurecla": "Road", "type": "Major Highway", "edited": "New in version 2.0.0", "question": 0, "length_km": 140, "toll": 0, "ne_part": "global_basic", "labelrank": 0, "ignore": 0, "add": 0, "rwdb_rd_id": 70247, "orig_fid": 36137, "uident": 0, "continent": "Oceania", "expressway": 0, "min_zoom": 3.0, "min_label": 6.0 }, "geometry": { "type": "MultiLineString", "coordinates": [ [ [ 151.204539, -30.872895 ], [ 151.245783, -30.802779 ], [ 151.423133, -30.736789 ], [ 151.658225, -30.497572 ], [ 151.687096, -30.361466 ], [ 151.678847, -30.171743 ], [ 151.724216, -30.08513 ], [ 151.724216, -29.742803 ] ] ] } },
{ "type": "Feature", "properties": { "scalerank": 4, "featurecla": "Road", "type": "Major Highway", "edited": "New in version 2.0.0", "question": 0, "length_km": 41, "toll": 0, "ne_part": "global_basic", "labelrank": 0, "ignore": 0, "add": 0, "rwdb_rd_id": 70257, "orig_fid": 36145, "uident": 0, "continent": "Oceania", "expressway": 0, "min_zoom": 4.0, "min_label": 7.0 }, "geometry": { "type": "MultiLineString", "coordinates": [ [ [ 121.162247, -30.955383 ], [ 121.215865, -30.889392 ], [ 121.376717, -30.827526 ], [ 121.467455, -30.736789 ] ] ] } },
{ "type": "Feature", "properties": { "scalerank": 3, "featurecla": "Road", "type": "Major Highway", "edited": "New in version 2.0.0", "question": 0, "length_km": 41, "toll": 0, "ne_part": "global_basic", "labelrank": 0, "ignore": 0, "add": 0, "rwdb_rd_id": 70274, "orig_fid": 36159, "uident": 0, "continent": "Oceania", "expressway": 0, "min_zoom": 3.0, "min_label": 6.0 }, "geometry": { "type": "MultiLineString", "coordinates": [ [ [ 151.204539, -30.872895 ], [ 151.089055, -30.951259 ], [ 150.98182, -31.116236 ], [ 150.932327, -31.103862 ] ] ] } },
{ "type": "Feature", "properties": { "scalerank": 4, "featurecla": "Road", "type": "Major Highway", "edited": "New in version 2.0.0", "question": 0, "length_km": 190, "toll": 0, "ne_part": "global_basic", "labelrank": 0, "ignore": 0, "add": 0, "rwdb_rd_id": 70277, "orig_fid": 36161, "uident": 0, "continent": "Oceania", "expressway": 0, "min_zoom": 4.0, "min_label": 7.0 }, "geometry": { "type": "MultiLineString", "coordinates": [ [ [ 149.323802, -31.235844 ], [ 149.464033, -31.202848 ], [ 149.604263, -31.107987 ], [ 149.90947, -31.103862 ], [ 150.185807, -30.98013 ], [ 150.404401, -30.988378 ], [ 150.606498, -30.934761 ], [ 150.779723, -30.992503 ], [ 150.932327, -31.103862 ] ] ] } },
{ "type": "Feature", "properties": { "scalerank": 3, "featurecla": "Road", "type": "Major Highway", "edited": "New in version 2.0.0", "question": 0, "length_km": 187, "toll": 0, "ne_part": "global_basic", "labelrank": 0, "ignore": 0, "add": 0, "rwdb_rd_id": 70278, "orig_fid": 36162, "uident": 0, "continent": "Oceania", "expressway": 0, "min_zoom": 3.0, "min_label": 6.0 }, "geometry": { "type": "MultiLineString", "coordinates": [ [ [ 149.323802, -31.235844 ], [ 149.443411, -30.872895 ], [ 149.575392, -30.592434 ], [ 149.810484, -30.270729 ], [ 149.826982, -30.155245 ], [ 149.76924, -29.788172 ], [ 149.826982, -29.47884 ] ] ] } },
{ "type": "Feature", "properties": { "scalerank": 9, "featurecla": "Road", "type": "Secondary Highway", "edited": "New in version 2.0.0", "question": 0, "length_km": 68, "toll": 0, "ne_part": "global_basic", "labelrank": 0, "ignore": 0, "add": 0, "rwdb_rd_id": 70281, "orig_fid": 36165, "uident": 0, "continent": "Oceania", "expressway": 0, "min_zoom": 7.6, "min_label": 10.1 }, "geometry": { "type": "MultiLineString", "coordinates": [ [ [ 136.855674, -30.580061 ], [ 136.876296, -30.930637 ], [ 136.843301, -31.136858 ], [ 136.781434, -31.264715 ] ] ] } },
{ "type": "Feature", "properties": { "scalerank": 3, "featurecla": "Road", "type": "Major Highway", "edited": "New in version 2.0.0", "question": 0, "length_km": 801, "toll": 0, "ne_part": "global_basic", "labelrank": 0, "ignore": 0, "add": 0, "rwdb_rd_id": 70282, "orig_fid": 36166, "uident": 0, "continent": "Oceania", "expressway": 0, "min_zoom": 3.0, "min_label": 6.0 }, "geometry": { "type": "MultiLineString", "coordinates": [ [ [ 133.127196, -25.168819 ], [ 133.164316, -25.58951 ], [ 133.246805, -25.76686 ], [ 133.13957, -25.956583 ], [ 133.189063, -26.047321 ], [ 133.222058, -26.426767 ], [ 133.411781, -26.94232 ], [ 133.70874, -27.387758 ], [ 134.034569, -27.750707 ], [ 134.220168, -28.455983 ], [ 134.859454, -29.078771 ], [ 134.95844, -29.219001 ], [ 135.094546, -29.627319 ], [ 135.111043, -29.895407 ], [ 135.160536, -30.081006 ], [ 135.325513, -30.2996 ], [ 135.403877, -30.567687 ], [ 135.568854, -30.786282 ], [ 135.898808, -31.124484 ], [ 136.381365, -31.252341 ], [ 136.781434, -31.264715 ] ] ] } },
{ "type": "Feature", "properties": { "scalerank": 10, "featurecla": "Road", "type": "Unknown", "edited": "New in version 2.0.0", "question": 0, "length_km": 12, "toll": 0, "ne_part": "global_basic", "labelrank": 0, "ignore": 0, "add": 0, "rwdb_rd_id": 70346, "orig_fid": 36218, "uident": 0, "continent": "Oceania", "expressway": 0, "min_zoom": 7.7, "min_label": 10.2 }, "geometry": { "type": "MultiLineString", "coordinates": [ [ [ 152.903801, -31.446189 ], [ 152.796566, -31.462687 ] ] ] } },
{ "type": "Feature", "properties": { "scalerank": 3, "featurecla": "Road", "type": "Major Highway", "edited": "New in version 2.0.0", "question": 0, "length_km": 196, "toll": 0, "ne_part": "global_basic", "labelrank": 0, "ignore": 0, "add": 0, "rwdb_rd_id": 70347, "orig_fid": 36219, "uident": 0, "continent": "Oceania", "expressway": 0, "min_zoom": 3.0, "min_label": 6.0 }, "geometry": { "type": "MultiLineString", "coordinates": [ [ [ 152.796566, -31.462687 ], [ 152.829561, -31.091489 ], [ 152.940921, -30.951259 ], [ 152.899676, -30.753286 ], [ 152.969792, -30.650176 ], [ 153.023409, -30.382088 ], [ 153.176013, -30.093379 ], [ 153.167764, -29.965522 ], [ 153.048156, -29.866536 ], [ 152.953294, -29.709808 ] ] ] } },
{ "type": "Feature", "properties": { "scalerank": 5, "featurecla": "Road", "type": "Secondary Highway", "edited": "New in version 2.0.0", "question": 0, "length_km": 197, "toll": 0, "ne_part": "global_basic", "labelrank": 0, "ignore": 0, "add": 0, "rwdb_rd_id": 70353, "orig_fid": 36225, "uident": 0, "continent": "Oceania", "expressway": 0, "min_zoom": 5.0, "min_label": 8.0 }, "geometry": { "type": "MultiLineString", "coordinates": [ [ [ 152.796566, -31.462687 ], [ 152.627465, -31.487434 ], [ 152.15728, -31.404945 ], [ 152.008801, -31.343079 ], [ 151.975806, -31.268839 ], [ 151.819078, -31.165729 ], [ 151.732465, -31.033747 ], [ 151.353018, -30.951259 ], [ 151.295276, -30.881143 ], [ 151.204539, -30.872895 ] ] ] } },
{ "type": "Feature", "properties": { "scalerank": 3, "featurecla": "Road", "type": "Major Highway", "edited": "New in version 2.0.0", "question": 0, "length_km": 333, "toll": 0, "ne_part": "global_basic", "labelrank": 0, "ignore": 0, "add": 0, "rwdb_rd_id": 70356, "orig_fid": 36227, "uident": 0, "continent": "Oceania", "expressway": 0, "min_zoom": 3.0, "min_label": 6.0 }, "geometry": { "type": "MultiLineString", "coordinates": [ [ [ 118.271028, -31.495682 ], [ 118.625728, -31.363701 ], [ 119.128907, -31.314208 ], [ 119.339253, -31.215222 ], [ 119.524852, -31.268839 ], [ 119.710451, -31.281212 ], [ 120.36211, -31.206973 ], [ 120.712685, -31.124484 ], [ 120.869414, -31.009001 ], [ 121.162247, -30.955383 ] ] ] } },
{ "type": "Feature", "properties": { "scalerank": 4, "featurecla": "Road", "type": "Major Highway", "edited": "New in version 2.0.0", "question": 0, "length_km": 424, "toll": 0, "ne_part": "global_basic", "labelrank": 0, "ignore": 0, "add": 0, "rwdb_rd_id": 70370, "orig_fid": 36239, "uident": 0, "continent": "Oceania", "expressway": 0, "min_zoom": 4.0, "min_label": 7.0 }, "geometry": { "type": "MultiLineString", "coordinates": [ [ [ 145.710809, -28.068288 ], [ 145.785048, -28.200269 ], [ 145.743804, -28.348748 ], [ 145.772675, -28.51785 ], [ 145.640693, -28.682826 ], [ 145.739679, -29.054024 ], [ 145.797421, -29.099393 ], [ 145.855163, -29.223126 ], [ 145.863412, -29.350983 ], [ 145.797421, -29.503586 ], [ 145.875785, -29.680937 ], [ 146.011891, -29.862411 ], [ 145.995394, -29.998517 ], [ 145.945901, -30.068632 ], [ 145.98302, -30.184116 ], [ 147.154356, -31.536927 ] ] ] } },
{ "type": "Feature", "properties": { "scalerank": 4, "featurecla": "Road", "type": "Major Highway", "edited": "New in version 2.0.0", "question": 0, "length_km": 165, "toll": 0, "ne_part": "global_basic", "labelrank": 0, "ignore": 0, "add": 0, "rwdb_rd_id": 70379, "orig_fid": 36246, "uident": 0, "continent": "Oceania", "expressway": 0, "min_zoom": 4.0, "min_label": 7.0 }, "geometry": { "type": "MultiLineString", "coordinates": [ [ [ 116.641881, -30.419208 ], [ 116.608885, -30.460452 ], [ 116.357296, -30.472826 ], [ 116.349047, -30.621305 ], [ 116.196443, -30.683171 ], [ 116.254185, -30.790406 ], [ 116.192319, -30.98013 ], [ 116.142826, -31.301835 ], [ 115.977849, -31.565798 ] ] ] } },
{ "type": "Feature", "properties": { "scalerank": 3, "featurecla": "Road", "type": "Major Highway", "edited": "New in version 2.0.0", "question": 0, "length_km": 197, "toll": 0, "ne_part": "global_basic", "labelrank": 0, "ignore": 0, "add": 0, "rwdb_rd_id": 70380, "orig_fid": 36247, "uident": 0, "continent": "Oceania", "expressway": 0, "min_zoom": 3.0, "min_label": 6.0 }, "geometry": { "type": "MultiLineString", "coordinates": [ [ [ 115.977849, -31.565798 ], [ 115.788125, -31.223471 ], [ 115.759254, -31.099738 ], [ 115.445798, -30.646051 ], [ 115.441674, -30.542941 ], [ 115.482918, -30.481075 ], [ 115.462296, -30.283102 ], [ 115.338563, -30.126374 ], [ 115.260199, -29.940775 ], [ 115.264324, -29.83354 ] ] ] } },
{ "type": "Feature", "properties": { "scalerank": 6, "featurecla": "Road", "type": "Secondary Highway", "edited": "New in version 2.0.0", "question": 0, "length_km": 133, "toll": 0, "ne_part": "global_basic", "labelrank": 0, "ignore": 0, "add": 0, "rwdb_rd_id": 70389, "orig_fid": 36255, "uident": 0, "continent": "Oceania", "expressway": 0, "min_zoom": 6.0, "min_label": 8.5 }, "geometry": { "type": "MultiLineString", "coordinates": [ [ [ 116.641881, -30.419208 ], [ 116.75324, -30.592434 ], [ 116.744991, -30.811028 ], [ 116.711996, -30.877019 ], [ 116.82748, -31.198724 ], [ 116.782111, -31.442065 ], [ 116.674876, -31.553424 ], [ 116.658378, -31.640037 ] ] ] } },
{ "type": "Feature", "properties": { "scalerank": 3, "featurecla": "Road", "type": "Major Highway", "edited": "New in version 2.0.0", "question": 0, "length_km": 185, "toll": 0, "ne_part": "global_basic", "labelrank": 0, "ignore": 0, "add": 0, "rwdb_rd_id": 70392, "orig_fid": 36258, "uident": 0, "continent": "Oceania", "expressway": 0, "min_zoom": 3.0, "min_label": 6.0 }, "geometry": { "type": "MultiLineString", "coordinates": [ [ [ 116.658378, -31.640037 ], [ 116.782111, -31.615291 ], [ 116.980083, -31.640037 ], [ 117.033701, -31.602917 ], [ 117.215175, -31.65241 ], [ 117.495636, -31.640037 ], [ 117.594622, -31.602917 ], [ 117.821465, -31.627664 ], [ 118.271028, -31.495682 ] ] ] } },
{ "type": "Feature", "properties": { "scalerank": 3, "featurecla": "Road", "type": "Major Highway", "edited": "New in version 2.0.0", "question": 0, "length_km": 96, "toll": 0, "ne_part": "global_basic", "labelrank": 0, "ignore": 0, "add": 0, "rwdb_rd_id": 70406, "orig_fid": 36269, "uident": 0, "continent": "Oceania", "expressway": 0, "min_zoom": 3.0, "min_label": 6.0 }, "geometry": { "type": "MultiLineString", "coordinates": [ [ [ 148.672144, -31.706028 ], [ 148.853618, -31.495682 ], [ 149.051591, -31.421443 ], [ 149.233065, -31.417318 ], [ 149.286683, -31.351328 ], [ 149.278434, -31.268839 ], [ 149.323802, -31.235844 ] ] ] } },
{ "type": "Feature", "properties": { "scalerank": 7, "featurecla": "Road", "type": "Major Highway", "edited": "New in version 2.0.0", "question": 0, "length_km": 399, "toll": 0, "ne_part": "global_basic", "labelrank": 0, "ignore": 0, "add": 0, "rwdb_rd_id": 70407, "orig_fid": 36270, "uident": 0, "continent": "Oceania", "expressway": 0, "min_zoom": 7.0, "min_label": 9.5 }, "geometry": { "type": "MultiLineString", "coordinates": [ [ [ 148.672144, -31.706028 ], [ 148.523664, -31.479185 ], [ 148.37931, -31.017249 ], [ 148.387559, -30.938885 ], [ 148.222582, -30.633678 ], [ 148.23083, -30.530568 ], [ 148.098849, -30.245982 ], [ 148.102973, -30.056259 ], [ 148.156591, -30.015015 ], [ 148.168964, -29.916029 ], [ 148.515416, -29.544831 ], [ 148.585531, -29.55308 ], [ 148.684517, -29.499462 ], [ 149.208319, -29.51596 ], [ 149.476406, -29.577826 ], [ 149.55477, -29.569577 ], [ 149.707374, -29.482964 ], [ 149.826982, -29.47884 ] ] ] } },
{ "type": "Feature", "properties": { "scalerank": 4, "featurecla": "Road", "type": "Major Highway", "edited": "New in version 2.0.0", "question": 0, "length_km": 419, "toll": 0, "ne_part": "global_basic", "labelrank": 0, "ignore": 0, "add": 0, "rwdb_rd_id": 70408, "orig_fid": 36271, "uident": 0, "continent": "Oceania", "expressway": 0, "min_zoom": 4.0, "min_label": 7.0 }, "geometry": { "type": "MultiLineString", "coordinates": [ [ [ 143.471247, -31.706028 ], [ 144.139404, -31.718401 ], [ 144.485855, -31.503931 ], [ 144.964288, -31.602917 ], [ 145.290117, -31.536927 ], [ 145.822168, -31.491558 ], [ 146.568688, -31.561673 ], [ 147.154356, -31.536927 ] ] ] } },
{ "type": "Feature", "properties": { "scalerank": 7, "featurecla": "Road", "type": "Major Highway", "edited": "New in version 2.0.0", "question": 0, "length_km": 113, "toll": 0, "ne_part": "global_basic", "labelrank": 0, "ignore": 0, "add": 0, "rwdb_rd_id": 70431, "orig_fid": 36291, "uident": 0, "continent": "Oceania", "expressway": 0, "min_zoom": 7.0, "min_label": 9.5 }, "geometry": { "type": "MultiLineString", "coordinates": [ [ [ 148.672144, -31.706028 ], [ 148.465923, -31.660659 ], [ 148.251453, -31.677157 ], [ 147.995738, -31.635913 ], [ 147.896752, -31.648286 ], [ 147.731775, -31.829761 ] ] ] } },
{ "type": "Feature", "properties": { "scalerank": 4, "featurecla": "Road", "type": "Major Highway", "edited": "New in version 2.0.0", "question": 0, "length_km": 71, "toll": 0, "ne_part": "global_basic", "labelrank": 0, "ignore": 0, "add": 0, "rwdb_rd_id": 70432, "orig_fid": 36292, "uident": 0, "continent": "Oceania", "expressway": 0, "min_zoom": 4.0, "min_label": 7.0 }, "geometry": { "type": "MultiLineString", "coordinates": [ [ [ 147.154356, -31.536927 ], [ 147.401822, -31.635913 ], [ 147.731775, -31.829761 ] ] ] } },
{ "type": "Feature", "properties": { "scalerank": 3, "featurecla": "Road", "type": "Major Highway", "edited": "New in version 2.0.0", "question": 0, "length_km": 46, "toll": 0, "ne_part": "global_basic", "labelrank": 0, "ignore": 0, "add": 0, "rwdb_rd_id": 70434, "orig_fid": 36293, "uident": 0, "continent": "Oceania", "expressway": 0, "min_zoom": 3.0, "min_label": 6.0 }, "geometry": { "type": "MultiLineString", "coordinates": [ [ [ 116.303678, -31.858632 ], [ 116.386167, -31.772019 ], [ 116.658378, -31.640037 ] ] ] } },
{ "type": "Feature", "properties": { "scalerank": 3, "featurecla": "Road", "type": "Major Highway", "edited": "New in version 2.0.0", "question": 0, "length_km": 33, "toll": 0, "ne_part": "global_basic", "labelrank": 0, "ignore": 0, "add": 0, "rwdb_rd_id": 70439, "orig_fid": 36297, "uident": 0, "continent": "Oceania", "expressway": 0, "min_zoom": 3.0, "min_label": 6.0 }, "geometry": { "type": "MultiLineString", "coordinates": [ [ [ 115.986098, -31.883378 ], [ 116.019093, -31.701903 ], [ 115.977849, -31.565798 ] ] ] } },
{ "type": "Feature", "properties": { "scalerank": 3, "featurecla": "Road", "type": "Major Highway", "edited": "New in version 2.0.0", "question": 0, "length_km": 36, "toll": 0, "ne_part": "global_basic", "labelrank": 0, "ignore": 0, "add": 0, "rwdb_rd_id": 70444, "orig_fid": 36302, "uident": 0, "continent": "Oceania", "expressway": 0, "min_zoom": 3.0, "min_label": 6.0 }, "geometry": { "type": "MultiLineString", "coordinates": [ [ [ 115.986098, -31.883378 ], [ 116.188194, -31.895751 ], [ 116.303678, -31.858632 ] ] ] } },
{ "type": "Feature", "properties": { "scalerank": 3, "featurecla": "Road", "type": "Major Highway", "edited": "New in version 2.0.0", "question": 0, "length_km": 16, "toll": 0, "ne_part": "global_basic", "labelrank": 0, "ignore": 0, "add": 0, "rwdb_rd_id": 70455, "orig_fid": 36307, "uident": 0, "continent": "Oceania", "expressway": 0, "min_zoom": 3.0, "min_label": 6.0 }, "geometry": { "type": "MultiLineString", "coordinates": [ [ [ 115.862365, -31.949369 ], [ 115.986098, -31.883378 ] ] ] } },
{ "type": "Feature", "properties": { "scalerank": 3, "featurecla": "Road", "type": "Major Highway", "edited": "New in version 2.0.0", "question": 0, "length_km": 1, "toll": 0, "ne_part": "global_basic", "labelrank": 0, "ignore": 0, "add": 0, "rwdb_rd_id": 70456, "orig_fid": 36308, "uident": 0, "continent": "Oceania", "expressway": 1, "min_zoom": 3.0, "min_label": 6.0 }, "geometry": { "type": "MultiLineString", "coordinates": [ [ [ 115.849992, -31.949369 ], [ 115.862365, -31.949369 ] ] ] } },
{ "type": "Feature", "properties": { "scalerank": 7, "featurecla": "Road", "type": "Secondary Highway", "edited": "New in version 2.0.0", "question": 0, "length_km": 107, "toll": 0, "ne_part": "global_basic", "labelrank": 0, "ignore": 0, "add": 0, "rwdb_rd_id": 70457, "orig_fid": 36309, "uident": 0, "continent": "Oceania", "expressway": 0, "min_zoom": 7.0, "min_label": 9.5 }, "geometry": { "type": "MultiLineString", "coordinates": [ [ [ 115.359185, -31.037872 ], [ 115.499416, -31.289461 ], [ 115.561282, -31.314208 ], [ 115.652019, -31.421443 ], [ 115.709761, -31.644162 ], [ 115.796374, -31.751397 ], [ 115.849992, -31.949369 ] ] ] } },
{ "type": "Feature", "properties": { "scalerank": 4, "featurecla": "Road", "type": "Major Highway", "edited": "New in version 2.0.0", "question": 0, "length_km": 244, "toll": 0, "ne_part": "global_basic", "labelrank": 0, "ignore": 0, "add": 0, "rwdb_rd_id": 70461, "orig_fid": 36312, "uident": 0, "continent": "Oceania", "expressway": 0, "min_zoom": 4.0, "min_label": 7.0 }, "geometry": { "type": "MultiLineString", "coordinates": [ [ [ 141.45028, -31.961742 ], [ 141.536893, -31.908125 ], [ 141.858598, -31.875129 ], [ 142.460764, -31.693655 ], [ 142.745349, -31.72665 ], [ 142.844335, -31.664784 ], [ 142.873206, -31.602917 ], [ 142.968068, -31.574046 ], [ 143.141293, -31.590544 ], [ 143.351639, -31.532802 ], [ 143.471247, -31.706028 ] ] ] } },
{ "type": "Feature", "properties": { "scalerank": 10, "featurecla": "Road", "type": "Unknown", "edited": "New in version 2.0.0", "question": 0, "length_km": 3, "toll": 0, "ne_part": "global_basic", "labelrank": 0, "ignore": 0, "add": 0, "rwdb_rd_id": 70462, "orig_fid": 36313, "uident": 0, "continent": "Oceania", "expressway": 0, "min_zoom": 7.7, "min_label": 10.2 }, "geometry": { "type": "MultiLineString", "coordinates": [ [ [ 115.862365, -31.949369 ], [ 115.887111, -31.965867 ] ] ] } },
{ "type": "Feature", "properties": { "scalerank": 10, "featurecla": "Road", "type": "Unknown", "edited": "New in version 2.0.0", "question": 0, "length_km": 17, "toll": 0, "ne_part": "global_basic", "labelrank": 0, "ignore": 0, "add": 0, "rwdb_rd_id": 70469, "orig_fid": 36319, "uident": 0, "continent": "Oceania", "expressway": 0, "min_zoom": 7.7, "min_label": 10.2 }, "geometry": { "type": "MultiLineString", "coordinates": [ [ [ 115.751006, -32.040106 ], [ 115.887111, -31.965867 ] ] ] } },
{ "type": "Feature", "properties": { "scalerank": 3, "featurecla": "Road", "type": "Major Highway", "edited": "New in version 2.0.0", "question": 0, "length_km": 15, "toll": 0, "ne_part": "global_basic", "labelrank": 0, "ignore": 0, "add": 0, "rwdb_rd_id": 70470, "orig_fid": 36320, "uident": 0, "continent": "Oceania", "expressway": 1, "min_zoom": 3.0, "min_label": 6.0 }, "geometry": { "type": "MultiLineString", "coordinates": [ [ [ 115.751006, -32.040106 ], [ 115.763379, -31.990613 ], [ 115.849992, -31.949369 ] ] ] } },
{ "type": "Feature", "properties": { "scalerank": 4, "featurecla": "Road", "type": "Major Highway", "edited": "New in version 2.0.0", "question": 0, "length_km": 20, "toll": 0, "ne_part": "global_basic", "labelrank": 0, "ignore": 0, "add": 0, "rwdb_rd_id": 70478, "orig_fid": 36325, "uident": 0, "continent": "Oceania", "expressway": 0, "min_zoom": 4.0, "min_label": 7.0 }, "geometry": { "type": "MultiLineString", "coordinates": [ [ [ 115.887111, -31.965867 ], [ 116.010844, -32.110221 ] ] ] } },
{ "type": "Feature", "properties": { "scalerank": 10, "featurecla": "Road", "type": "Unknown", "edited": "New in version 2.0.0", "question": 0, "length_km": 3, "toll": 0, "ne_part": "global_basic", "labelrank": 0, "ignore": 0, "add": 0, "rwdb_rd_id": 70480, "orig_fid": 36327, "uident": 0, "continent": "Oceania", "expressway": 0, "min_zoom": 7.7, "min_label": 10.2 }, "geometry": { "type": "MultiLineString", "coordinates": [ [ [ 116.010844, -32.110221 ], [ 116.019093, -32.143217 ] ] ] } },
{ "type": "Feature", "properties": { "scalerank": 3, "featurecla": "Road", "type": "Major Highway", "edited": "New in version 2.0.0", "question": 0, "length_km": 157, "toll": 0, "ne_part": "global_basic", "labelrank": 0, "ignore": 0, "add": 0, "rwdb_rd_id": 70488, "orig_fid": 36333, "uident": 0, "continent": "Oceania", "expressway": 0, "min_zoom": 3.0, "min_label": 6.0 }, "geometry": { "type": "MultiLineString", "coordinates": [ [ [ 121.78916, -32.184461 ], [ 121.694298, -32.159714 ], [ 121.615934, -31.945244 ], [ 121.620058, -31.842134 ], [ 121.702547, -31.697779 ], [ 121.657178, -31.553424 ], [ 121.562316, -31.466811 ], [ 121.417962, -31.15748 ], [ 121.162247, -30.955383 ] ] ] } },
{ "type": "Feature", "properties": { "scalerank": 3, "featurecla": "Road", "type": "Major Highway", "edited": "New in version 2.0.0", "question": 0, "length_km": 57, "toll": 0, "ne_part": "global_basic", "labelrank": 0, "ignore": 0, "add": 0, "rwdb_rd_id": 70491, "orig_fid": 36336, "uident": 0, "continent": "Oceania", "expressway": 0, "min_zoom": 3.0, "min_label": 6.0 }, "geometry": { "type": "MultiLineString", "coordinates": [ [ [ 148.672144, -31.706028 ], [ 148.569033, -32.073101 ], [ 148.639148, -32.180336 ], [ 148.606153, -32.233954 ] ] ] } },
{ "type": "Feature", "properties": { "scalerank": 4, "featurecla": "Road", "type": "Major Highway", "edited": "New in version 2.0.0", "question": 0, "length_km": 111, "toll": 0, "ne_part": "global_basic", "labelrank": 0, "ignore": 0, "add": 0, "rwdb_rd_id": 70492, "orig_fid": 36337, "uident": 0, "continent": "Oceania", "expressway": 0, "min_zoom": 4.0, "min_label": 7.0 }, "geometry": { "type": "MultiLineString", "coordinates": [ [ [ 147.731775, -31.829761 ], [ 148.263826, -32.22983 ], [ 148.486545, -32.184461 ], [ 148.606153, -32.233954 ] ] ] } },
{ "type": "Feature", "properties": { "scalerank": 7, "featurecla": "Road", "type": "Secondary Highway", "edited": "New in version 2.0.0", "question": 0, "length_km": 105, "toll": 0, "ne_part": "global_basic", "labelrank": 0, "ignore": 0, "add": 0, "rwdb_rd_id": 70506, "orig_fid": 36347, "uident": 0, "continent": "Oceania", "expressway": 0, "min_zoom": 7.0, "min_label": 9.5 }, "geometry": { "type": "MultiLineString", "coordinates": [ [ [ 117.879207, -32.324691 ], [ 118.019438, -32.2587 ], [ 118.081304, -32.188585 ], [ 118.106051, -32.08135 ], [ 118.089553, -31.887502 ], [ 118.130797, -31.879254 ], [ 118.225659, -31.730774 ], [ 118.196788, -31.598793 ], [ 118.271028, -31.495682 ] ] ] } },
{ "type": "Feature", "properties": { "scalerank": 6, "featurecla": "Road", "type": "Secondary Highway", "edited": "New in version 2.0.0", "question": 0, "length_km": 112, "toll": 0, "ne_part": "global_basic", "labelrank": 0, "ignore": 0, "add": 0, "rwdb_rd_id": 70512, "orig_fid": 36352, "uident": 0, "continent": "Oceania", "expressway": 0, "min_zoom": 6.0, "min_label": 8.5 }, "geometry": { "type": "MultiLineString", "coordinates": [ [ [ 116.303678, -31.858632 ], [ 116.703747, -31.904 ], [ 116.765613, -31.86688 ], [ 116.806858, -32.056604 ], [ 116.909968, -32.106097 ], [ 116.975959, -32.200959 ], [ 117.000705, -32.357687 ] ] ] } },
{ "type": "Feature", "properties": { "scalerank": 6, "featurecla": "Road", "type": "Major Highway", "edited": "New in version 2.0.0", "question": 0, "length_km": 119, "toll": 0, "ne_part": "global_basic", "labelrank": 0, "ignore": 0, "add": 0, "rwdb_rd_id": 70525, "orig_fid": 36361, "uident": 0, "continent": "Oceania", "expressway": 0, "min_zoom": 6.0, "min_label": 8.5 }, "geometry": { "type": "MultiLineString", "coordinates": [ [ [ 117.000705, -32.357687 ], [ 116.707871, -32.386558 ], [ 116.415038, -32.217456 ], [ 116.229439, -32.180336 ], [ 116.093333, -32.085475 ], [ 116.010844, -32.110221 ] ] ] } },
{ "type": "Feature", "properties": { "scalerank": 3, "featurecla": "Road", "type": "Major Highway", "edited": "New in version 2.0.0", "question": 0, "length_km": 1378, "toll": 0, "ne_part": "global_basic", "labelrank": 0, "ignore": 0, "add": 0, "rwdb_rd_id": 70536, "orig_fid": 36369, "uident": 0, "continent": "Oceania", "expressway": 0, "min_zoom": 3.0, "min_label": 6.0 }, "geometry": { "type": "MultiLineString", "coordinates": [ [ [ 121.78916, -32.184461 ], [ 121.958261, -32.097848 ], [ 122.2181, -32.060728 ], [ 122.523307, -32.064853 ], [ 122.618169, -32.093724 ], [ 122.795519, -32.002986 ], [ 123.125472, -32.101972 ], [ 123.851371, -32.477295 ], [ 125.455771, -32.271074 ], [ 125.979573, -32.056604 ], [ 126.594112, -31.982364 ], [ 126.845701, -31.912249 ], [ 127.431369, -31.924622 ], [ 128.351115, -31.813263 ], [ 128.808926, -31.706028 ], [ 129.060516, -31.607042 ], [ 129.171875, -31.627664 ], [ 129.914271, -31.561673 ], [ 130.636045, -31.541051 ], [ 131.308326, -31.355452 ], [ 131.473303, -31.367825 ], [ 132.009478, -31.58642 ], [ 132.277565, -31.833885 ], [ 132.764247, -31.825636 ], [ 132.986966, -31.928747 ], [ 133.403533, -31.936996 ], [ 133.762357, -32.134968 ] ] ] } },
{ "type": "Feature", "properties": { "scalerank": 6, "featurecla": "Road", "type": "Major Highway", "edited": "New in version 2.0.0", "question": 0, "length_km": 152, "toll": 0, "ne_part": "global_basic", "labelrank": 0, "ignore": 0, "add": 0, "rwdb_rd_id": 70538, "orig_fid": 36370, "uident": 0, "continent": "Oceania", "expressway": 0, "min_zoom": 6.0, "min_label": 8.5 }, "geometry": { "type": "MultiLineString", "coordinates": [ [ [ 118.262779, -32.489668 ], [ 118.229783, -32.452548 ], [ 117.994691, -32.456673 ], [ 117.875083, -32.33294 ], [ 117.516258, -32.365935 ], [ 117.491512, -32.324691 ], [ 117.289415, -32.345313 ], [ 117.227549, -32.304069 ], [ 117.000705, -32.357687 ] ] ] } },
{ "type": "Feature", "properties": { "scalerank": 3, "featurecla": "Road", "type": "Major Highway", "edited": "New in version 2.0.0", "question": 0, "length_km": 165, "toll": 0, "ne_part": "global_basic", "labelrank": 0, "ignore": 0, "add": 0, "rwdb_rd_id": 70540, "orig_fid": 36371, "uident": 0, "continent": "Oceania", "expressway": 0, "min_zoom": 3.0, "min_label": 6.0 }, "geometry": { "type": "MultiLineString", "coordinates": [ [ [ 136.781434, -31.264715 ], [ 137.099015, -31.516304 ], [ 137.193877, -31.710152 ], [ 137.433093, -32.007111 ], [ 137.445466, -32.163839 ], [ 137.7383, -32.497917 ] ] ] } },
{ "type": "Feature", "properties": { "scalerank": 7, "featurecla": "Road", "type": "Secondary Highway", "edited": "New in version 2.0.0", "question": 0, "length_km": 235, "toll": 0, "ne_part": "global_basic", "labelrank": 0, "ignore": 0, "add": 0, "rwdb_rd_id": 70544, "orig_fid": 36372, "uident": 0, "continent": "Oceania", "expressway": 0, "min_zoom": 7.0, "min_label": 9.5 }, "geometry": { "type": "MultiLineString", "coordinates": [ [ [ 138.361088, -30.55119 ], [ 138.348715, -30.674922 ], [ 138.262102, -30.877019 ], [ 138.356964, -30.959507 ], [ 138.389959, -31.532802 ], [ 138.328093, -31.739023 ], [ 138.422954, -31.924622 ], [ 138.295097, -32.089599 ], [ 137.98989, -32.349438 ], [ 137.936273, -32.460797 ], [ 137.816664, -32.518539 ] ] ] } },
{ "type": "Feature", "properties": { "scalerank": 3, "featurecla": "Road", "type": "Major Highway", "edited": "New in version 2.0.0", "question": 0, "length_km": 9, "toll": 0, "ne_part": "global_basic", "labelrank": 0, "ignore": 0, "add": 0, "rwdb_rd_id": 70545, "orig_fid": 36373, "uident": 0, "continent": "Oceania", "expressway": 0, "min_zoom": 3.0, "min_label": 6.0 }, "geometry": { "type": "MultiLineString", "coordinates": [ [ [ 137.7383, -32.497917 ], [ 137.816664, -32.518539 ] ] ] } },
{ "type": "Feature", "properties": { "scalerank": 3, "featurecla": "Road", "type": "Major Highway", "edited": "New in version 2.0.0", "question": 0, "length_km": 8, "toll": 0, "ne_part": "global_basic", "labelrank": 0, "ignore": 0, "add": 0, "rwdb_rd_id": 70549, "orig_fid": 36377, "uident": 0, "continent": "Oceania", "expressway": 0, "min_zoom": 3.0, "min_label": 6.0 }, "geometry": { "type": "MultiLineString", "coordinates": [ [ [ 137.816664, -32.518539 ], [ 137.862033, -32.58453 ] ] ] } },
{ "type": "Feature", "properties": { "scalerank": 3, "featurecla": "Road", "type": "Major Highway", "edited": "New in version 2.0.0", "question": 0, "length_km": 25, "toll": 0, "ne_part": "global_basic", "labelrank": 0, "ignore": 0, "add": 0, "rwdb_rd_id": 70554, "orig_fid": 36381, "uident": 0, "continent": "Oceania", "expressway": 0, "min_zoom": 3.0, "min_label": 6.0 }, "geometry": { "type": "MultiLineString", "coordinates": [ [ [ 137.7383, -32.497917 ], [ 137.540328, -32.62165 ] ] ] } },
{ "type": "Feature", "properties": { "scalerank": 4, "featurecla": "Road", "type": "Major Highway", "edited": "New in version 2.0.0", "question": 0, "length_km": 28, "toll": 0, "ne_part": "global_basic", "labelrank": 0, "ignore": 0, "add": 0, "rwdb_rd_id": 70558, "orig_fid": 36384, "uident": 0, "continent": "Oceania", "expressway": 0, "min_zoom": 4.0, "min_label": 7.0 }, "geometry": { "type": "MultiLineString", "coordinates": [ [ [ 138.088876, -32.650521 ], [ 137.890904, -32.563908 ], [ 137.862033, -32.58453 ] ] ] } },
{ "type": "Feature", "properties": { "scalerank": 3, "featurecla": "Road", "type": "Major Highway", "edited": "New in version 2.0.0", "question": 0, "length_km": 198, "toll": 0, "ne_part": "global_basic", "labelrank": 0, "ignore": 0, "add": 0, "rwdb_rd_id": 70580, "orig_fid": 36399, "uident": 0, "continent": "Oceania", "expressway": 0, "min_zoom": 3.0, "min_label": 6.0 }, "geometry": { "type": "MultiLineString", "coordinates": [ [ [ 151.670599, -32.815497 ], [ 151.80258, -32.671143 ], [ 152.033548, -32.625774 ], [ 152.1944, -32.514415 ], [ 152.206774, -32.419553 ], [ 152.309884, -32.29582 ], [ 152.318133, -32.159714 ], [ 152.44599, -32.048355 ], [ 152.462488, -31.912249 ], [ 152.606842, -31.846258 ], [ 152.796566, -31.462687 ] ] ] } },
{ "type": "Feature", "properties": { "scalerank": 3, "featurecla": "Road", "type": "Major Highway", "edited": "New in version 2.0.0", "question": 0, "length_km": 233, "toll": 0, "ne_part": "global_basic", "labelrank": 0, "ignore": 0, "add": 0, "rwdb_rd_id": 70581, "orig_fid": 36400, "uident": 0, "continent": "Oceania", "expressway": 0, "min_zoom": 3.0, "min_label": 6.0 }, "geometry": { "type": "MultiLineString", "coordinates": [ [ [ 150.932327, -31.103862 ], [ 150.858087, -31.508056 ], [ 150.750852, -31.627664 ], [ 150.924078, -31.813263 ], [ 150.870461, -31.953493 ], [ 150.903456, -32.279323 ], [ 150.985945, -32.394806 ], [ 151.060184, -32.431926 ], [ 151.27053, -32.646396 ], [ 151.497373, -32.708263 ], [ 151.670599, -32.815497 ] ] ] } },
{ "type": "Feature", "properties": { "scalerank": 6, "featurecla": "Road", "type": "Secondary Highway", "edited": "New in version 2.0.0", "question": 0, "length_km": 58, "toll": 0, "ne_part": "global_basic", "labelrank": 0, "ignore": 0, "add": 0, "rwdb_rd_id": 70598, "orig_fid": 36415, "uident": 0, "continent": "Oceania", "expressway": 0, "min_zoom": 6.0, "min_label": 8.5 }, "geometry": { "type": "MultiLineString", "coordinates": [ [ [ 117.000705, -32.357687 ], [ 117.070821, -32.58453 ], [ 117.157434, -32.728885 ], [ 117.18218, -32.922732 ] ] ] } },
{ "type": "Feature", "properties": { "scalerank": 4, "featurecla": "Road", "type": "Major Highway", "edited": "New in version 2.0.0", "question": 0, "length_km": 90, "toll": 0, "ne_part": "global_basic", "labelrank": 0, "ignore": 0, "add": 0, "rwdb_rd_id": 70612, "orig_fid": 36427, "uident": 0, "continent": "Oceania", "expressway": 0, "min_zoom": 4.0, "min_label": 7.0 }, "geometry": { "type": "MultiLineString", "coordinates": [ [ [ 138.806526, -32.972226 ], [ 138.612678, -32.745382 ], [ 138.088876, -32.650521 ] ] ] } },
{ "type": "Feature", "properties": { "scalerank": 4, "featurecla": "Road", "type": "Major Highway", "edited": "New in version 2.0.0", "question": 0, "length_km": 301, "toll": 0, "ne_part": "global_basic", "labelrank": 0, "ignore": 0, "add": 0, "rwdb_rd_id": 70613, "orig_fid": 36428, "uident": 0, "continent": "Oceania", "expressway": 0, "min_zoom": 4.0, "min_label": 7.0 }, "geometry": { "type": "MultiLineString", "coordinates": [ [ [ 138.946756, -32.972226 ], [ 139.016871, -32.893862 ], [ 139.20247, -32.823746 ], [ 139.31383, -32.737133 ], [ 139.334452, -32.679392 ], [ 139.5283, -32.572157 ], [ 140.09747, -32.378309 ], [ 140.443921, -32.184461 ], [ 140.699636, -32.151466 ], [ 141.45028, -31.961742 ] ] ] } },
{ "type": "Feature", "properties": { "scalerank": 4, "featurecla": "Road", "type": "Major Highway", "edited": "New in version 2.0.0", "question": 0, "length_km": 16, "toll": 0, "ne_part": "global_basic", "labelrank": 0, "ignore": 0, "add": 0, "rwdb_rd_id": 70616, "orig_fid": 36431, "uident": 0, "continent": "Oceania", "expressway": 0, "min_zoom": 4.0, "min_label": 7.0 }, "geometry": { "type": "MultiLineString", "coordinates": [ [ [ 138.946756, -32.972226 ], [ 138.806526, -32.972226 ] ] ] } },
{ "type": "Feature", "properties": { "scalerank": 6, "featurecla": "Road", "type": "Secondary Highway", "edited": "New in version 2.0.0", "question": 0, "length_km": 36, "toll": 0, "ne_part": "global_basic", "labelrank": 0, "ignore": 0, "add": 0, "rwdb_rd_id": 70622, "orig_fid": 36437, "uident": 0, "continent": "Oceania", "expressway": 0, "min_zoom": 6.0, "min_label": 8.5 }, "geometry": { "type": "MultiLineString", "coordinates": [ [ [ 117.18218, -32.922732 ], [ 116.872848, -33.025843 ] ] ] } },
{ "type": "Feature", "properties": { "scalerank": 4, "featurecla": "Road", "type": "Major Highway", "edited": "New in version 2.0.0", "question": 0, "length_km": 129, "toll": 0, "ne_part": "global_basic", "labelrank": 0, "ignore": 0, "add": 0, "rwdb_rd_id": 70623, "orig_fid": 36438, "uident": 0, "continent": "Oceania", "expressway": 0, "min_zoom": 4.0, "min_label": 7.0 }, "geometry": { "type": "MultiLineString", "coordinates": [ [ [ 116.019093, -32.143217 ], [ 116.113955, -32.205083 ], [ 116.456282, -32.588654 ], [ 116.57589, -32.737133 ], [ 116.61301, -32.831995 ], [ 116.872848, -33.025843 ] ] ] } },
{ "type": "Feature", "properties": { "scalerank": 6, "featurecla": "Road", "type": "Major Highway", "edited": "New in version 2.0.0", "question": 0, "length_km": 200, "toll": 0, "ne_part": "global_basic", "labelrank": 0, "ignore": 0, "add": 0, "rwdb_rd_id": 70634, "orig_fid": 36443, "uident": 0, "continent": "Oceania", "expressway": 0, "min_zoom": 6.0, "min_label": 8.5 }, "geometry": { "type": "MultiLineString", "coordinates": [ [ [ 119.665082, -33.087709 ], [ 119.590843, -33.017594 ], [ 119.586718, -32.935106 ], [ 119.500105, -32.794875 ], [ 119.483608, -32.700014 ], [ 119.401119, -32.695889 ], [ 119.28976, -32.543286 ], [ 119.199023, -32.535037 ], [ 119.170152, -32.411304 ], [ 118.448378, -32.51029 ], [ 118.262779, -32.489668 ] ] ] } },
{ "type": "Feature", "properties": { "scalerank": 3, "featurecla": "Road", "type": "Major Highway", "edited": "New in version 2.0.0", "question": 0, "length_km": 226, "toll": 0, "ne_part": "global_basic", "labelrank": 0, "ignore": 0, "add": 0, "rwdb_rd_id": 70639, "orig_fid": 36447, "uident": 0, "continent": "Oceania", "expressway": 0, "min_zoom": 3.0, "min_label": 6.0 }, "geometry": { "type": "MultiLineString", "coordinates": [ [ [ 135.556481, -33.133078 ], [ 135.234776, -32.959852 ], [ 135.086297, -32.844368 ], [ 134.84708, -32.749507 ], [ 134.537749, -32.448424 ], [ 134.385145, -32.423677 ], [ 134.034569, -32.196834 ], [ 133.762357, -32.134968 ] ] ] } },
{ "type": "Feature", "properties": { "scalerank": 9, "featurecla": "Road", "type": "Secondary Highway", "edited": "New in version 2.0.0", "question": 0, "length_km": 201, "toll": 0, "ne_part": "global_basic", "labelrank": 0, "ignore": 0, "add": 0, "rwdb_rd_id": 70658, "orig_fid": 36460, "uident": 0, "continent": "Oceania", "expressway": 0, "min_zoom": 7.6, "min_label": 10.1 }, "geometry": { "type": "MultiLineString", "coordinates": [ [ [ 117.891581, -33.19082 ], [ 118.275152, -33.104207 ], [ 119.013424, -33.075336 ], [ 119.104161, -33.100083 ], [ 119.665082, -33.087709 ] ] ] } },
{ "type": "Feature", "properties": { "scalerank": 7, "featurecla": "Road", "type": "Secondary Highway", "edited": "New in version 2.0.0", "question": 0, "length_km": 87, "toll": 0, "ne_part": "global_basic", "labelrank": 0, "ignore": 0, "add": 0, "rwdb_rd_id": 70659, "orig_fid": 36461, "uident": 0, "continent": "Oceania", "expressway": 0, "min_zoom": 7.0, "min_label": 9.5 }, "geometry": { "type": "MultiLineString", "coordinates": [ [ [ 118.262779, -32.489668 ], [ 118.188539, -32.638147 ], [ 117.908078, -32.848493 ], [ 117.891581, -33.19082 ] ] ] } },
{ "type": "Feature", "properties": { "scalerank": 3, "featurecla": "Road", "type": "Major Highway", "edited": "New in version 2.0.0", "question": 0, "length_km": 236, "toll": 0, "ne_part": "global_basic", "labelrank": 0, "ignore": 0, "add": 0, "rwdb_rd_id": 70663, "orig_fid": 36464, "uident": 0, "continent": "Oceania", "expressway": 0, "min_zoom": 3.0, "min_label": 6.0 }, "geometry": { "type": "MultiLineString", "coordinates": [ [ [ 137.540328, -32.62165 ], [ 137.317609, -32.646396 ], [ 137.198001, -32.691765 ], [ 136.785559, -33.038216 ], [ 136.579338, -33.120705 ], [ 136.447356, -33.133078 ], [ 136.335997, -33.203193 ], [ 136.055536, -33.207318 ], [ 135.841066, -33.149576 ], [ 135.556481, -33.133078 ] ] ] } },
{ "type": "Feature", "properties": { "scalerank": 6, "featurecla": "Road", "type": "Major Highway", "edited": "New in version 2.0.0", "question": 0, "length_km": 118, "toll": 0, "ne_part": "global_basic", "labelrank": 0, "ignore": 0, "add": 0, "rwdb_rd_id": 70674, "orig_fid": 36474, "uident": 0, "continent": "Oceania", "expressway": 0, "min_zoom": 6.0, "min_label": 8.5 }, "geometry": { "type": "MultiLineString", "coordinates": [ [ [ 116.019093, -32.143217 ], [ 115.9696, -32.514415 ], [ 115.866489, -32.662894 ], [ 115.928356, -32.852617 ], [ 115.915982, -33.054714 ], [ 115.804623, -33.281557 ] ] ] } },
{ "type": "Feature", "properties": { "scalerank": 3, "featurecla": "Road", "type": "Major Highway", "edited": "New in version 2.0.0", "question": 0, "length_km": 92, "toll": 0, "ne_part": "global_basic", "labelrank": 0, "ignore": 0, "add": 0, "rwdb_rd_id": 70690, "orig_fid": 36485, "uident": 0, "continent": "Oceania", "expressway": 0, "min_zoom": 3.0, "min_label": 6.0 }, "geometry": { "type": "MultiLineString", "coordinates": [ [ [ 115.746881, -32.489668 ], [ 115.623148, -32.634023 ], [ 115.734508, -33.01347 ], [ 115.71801, -33.281557 ], [ 115.656144, -33.339299 ] ] ] } },
{ "type": "Feature", "properties": { "scalerank": 6, "featurecla": "Road", "type": "Secondary Highway", "edited": "New in version 2.0.0", "question": 0, "length_km": 127, "toll": 0, "ne_part": "global_basic", "labelrank": 0, "ignore": 0, "add": 0, "rwdb_rd_id": 70693, "orig_fid": 36488, "uident": 0, "continent": "Oceania", "expressway": 0, "min_zoom": 6.0, "min_label": 8.5 }, "geometry": { "type": "MultiLineString", "coordinates": [ [ [ 116.872848, -33.025843 ], [ 116.559392, -33.194944 ], [ 116.472779, -33.199069 ], [ 116.159323, -33.339299 ], [ 115.887111, -33.273308 ], [ 115.804623, -33.281557 ] ] ] } },
{ "type": "Feature", "properties": { "scalerank": 6, "featurecla": "Road", "type": "Major Highway", "edited": "New in version 2.0.0", "question": 0, "length_km": 17, "toll": 0, "ne_part": "global_basic", "labelrank": 0, "ignore": 0, "add": 0, "rwdb_rd_id": 70695, "orig_fid": 36490, "uident": 0, "continent": "Oceania", "expressway": 0, "min_zoom": 6.0, "min_label": 8.5 }, "geometry": { "type": "MultiLineString", "coordinates": [ [ [ 115.804623, -33.281557 ], [ 115.664393, -33.351672 ] ] ] } },
{ "type": "Feature", "properties": { "scalerank": 3, "featurecla": "Road", "type": "Major Highway", "edited": "New in version 2.0.0", "question": 0, "length_km": 1, "toll": 0, "ne_part": "global_basic", "labelrank": 0, "ignore": 0, "add": 0, "rwdb_rd_id": 70696, "orig_fid": 36491, "uident": 0, "continent": "Oceania", "expressway": 0, "min_zoom": 3.0, "min_label": 6.0 }, "geometry": { "type": "MultiLineString", "coordinates": [ [ [ 115.656144, -33.339299 ], [ 115.664393, -33.351672 ] ] ] } },
{ "type": "Feature", "properties": { "scalerank": 4, "featurecla": "Road", "type": "Major Highway", "edited": "New in version 2.0.0", "question": 0, "length_km": 187, "toll": 0, "ne_part": "global_basic", "labelrank": 0, "ignore": 0, "add": 0, "rwdb_rd_id": 70714, "orig_fid": 36505, "uident": 0, "continent": "Oceania", "expressway": 0, "min_zoom": 4.0, "min_label": 7.0 }, "geometry": { "type": "MultiLineString", "coordinates": [ [ [ 149.567143, -33.40529 ], [ 149.290807, -33.421788 ], [ 149.113457, -33.285682 ], [ 149.014471, -33.141327 ], [ 148.915485, -33.095958 ], [ 148.882489, -33.05059 ], [ 148.952604, -32.68764 ], [ 148.923733, -32.493793 ], [ 148.729886, -32.29582 ], [ 148.606153, -32.233954 ] ] ] } },
{ "type": "Feature", "properties": { "scalerank": 6, "featurecla": "Road", "type": "Major Highway", "edited": "New in version 2.0.0", "question": 0, "length_km": 62, "toll": 0, "ne_part": "global_basic", "labelrank": 0, "ignore": 0, "add": 0, "rwdb_rd_id": 70747, "orig_fid": 36529, "uident": 0, "continent": "Oceania", "expressway": 0, "min_zoom": 6.0, "min_label": 8.5 }, "geometry": { "type": "MultiLineString", "coordinates": [ [ [ 120.011534, -33.566142 ], [ 119.710451, -33.232064 ], [ 119.665082, -33.087709 ] ] ] } },
{ "type": "Feature", "properties": { "scalerank": 6, "featurecla": "Road", "type": "Major Highway", "edited": "New in version 2.0.0", "question": 0, "length_km": 47, "toll": 0, "ne_part": "global_basic", "labelrank": 0, "ignore": 0, "add": 0, "rwdb_rd_id": 70768, "orig_fid": 36546, "uident": 0, "continent": "Oceania", "expressway": 0, "min_zoom": 6.0, "min_label": 8.5 }, "geometry": { "type": "MultiLineString", "coordinates": [ [ [ 115.656144, -33.339299 ], [ 115.57778, -33.54552 ], [ 115.371559, -33.65688 ] ] ] } },
{ "type": "Feature", "properties": { "scalerank": 7, "featurecla": "Road", "type": "Secondary Highway", "edited": "New in version 2.0.0", "question": 0, "length_km": 71, "toll": 0, "ne_part": "global_basic", "labelrank": 0, "ignore": 0, "add": 0, "rwdb_rd_id": 70777, "orig_fid": 36554, "uident": 0, "continent": "Oceania", "expressway": 0, "min_zoom": 7.0, "min_label": 9.5 }, "geometry": { "type": "MultiLineString", "coordinates": [ [ [ 117.53688, -33.702248 ], [ 117.541005, -33.54552 ], [ 117.606996, -33.516649 ], [ 117.714231, -33.401165 ], [ 117.755475, -33.26506 ], [ 117.891581, -33.19082 ] ] ] } },
{ "type": "Feature", "properties": { "scalerank": 7, "featurecla": "Road", "type": "Secondary Highway", "edited": "New in version 2.0.0", "question": 0, "length_km": 90, "toll": 0, "ne_part": "global_basic", "labelrank": 0, "ignore": 0, "add": 0, "rwdb_rd_id": 70778, "orig_fid": 36555, "uident": 0, "continent": "Oceania", "expressway": 0, "min_zoom": 7.0, "min_label": 9.5 }, "geometry": { "type": "MultiLineString", "coordinates": [ [ [ 117.18218, -32.922732 ], [ 117.268793, -33.22794 ], [ 117.326535, -33.310428 ], [ 117.400774, -33.541396 ], [ 117.404899, -33.648631 ], [ 117.53688, -33.702248 ] ] ] } },
{ "type": "Feature", "properties": { "scalerank": 7, "featurecla": "Road", "type": "Major Highway", "edited": "New in version 2.0.0", "question": 0, "length_km": 89, "toll": 0, "ne_part": "global_basic", "labelrank": 0, "ignore": 0, "add": 0, "rwdb_rd_id": 70781, "orig_fid": 36557, "uident": 0, "continent": "Oceania", "expressway": 0, "min_zoom": 7.0, "min_label": 9.5 }, "geometry": { "type": "MultiLineString", "coordinates": [ [ [ 138.554936, -33.714622 ], [ 138.583807, -33.5084 ], [ 138.55906, -33.277433 ], [ 138.59618, -33.054714 ], [ 138.806526, -32.972226 ] ] ] } },
{ "type": "Feature", "properties": { "scalerank": 9, "featurecla": "Road", "type": "Major Highway", "edited": "New in version 2.0.0", "question": 0, "length_km": 119, "toll": 0, "ne_part": "global_basic", "labelrank": 0, "ignore": 0, "add": 0, "rwdb_rd_id": 70782, "orig_fid": 36558, "uident": 0, "continent": "Oceania", "expressway": 0, "min_zoom": 7.6, "min_label": 10.1 }, "geometry": { "type": "MultiLineString", "coordinates": [ [ [ 138.554936, -33.714622 ], [ 138.439452, -33.65688 ], [ 138.290973, -33.137202 ], [ 138.208485, -32.992848 ], [ 138.212609, -32.864991 ], [ 138.088876, -32.650521 ] ] ] } },
{ "type": "Feature", "properties": { "scalerank": 3, "featurecla": "Road", "type": "Major Highway", "edited": "New in version 2.0.0", "question": 0, "length_km": 205, "toll": 0, "ne_part": "global_basic", "labelrank": 0, "ignore": 0, "add": 0, "rwdb_rd_id": 70795, "orig_fid": 36569, "uident": 0, "continent": "Oceania", "expressway": 0, "min_zoom": 3.0, "min_label": 6.0 }, "geometry": { "type": "MultiLineString", "coordinates": [ [ [ 147.546176, -33.747617 ], [ 147.550301, -33.677502 ], [ 147.66166, -33.557893 ], [ 147.884379, -33.463032 ], [ 148.078227, -33.302179 ], [ 148.189586, -33.108331 ], [ 148.23083, -32.930981 ], [ 148.197835, -32.658769 ], [ 148.247328, -32.522664 ], [ 148.606153, -32.233954 ] ] ] } },
{ "type": "Feature", "properties": { "scalerank": 3, "featurecla": "Road", "type": "Major Highway", "edited": "New in version 2.0.0", "question": 0, "length_km": 174, "toll": 0, "ne_part": "global_basic", "labelrank": 0, "ignore": 0, "add": 0, "rwdb_rd_id": 70800, "orig_fid": 36574, "uident": 0, "continent": "Oceania", "expressway": 0, "min_zoom": 3.0, "min_label": 6.0 }, "geometry": { "type": "MultiLineString", "coordinates": [ [ [ 121.871648, -33.755866 ], [ 121.710796, -33.487778 ], [ 121.690174, -33.161949 ], [ 121.64068, -33.005221 ], [ 121.492201, -32.741258 ], [ 121.504575, -32.62165 ], [ 121.756164, -32.390682 ], [ 121.78916, -32.184461 ] ] ] } },
{ "type": "Feature", "properties": { "scalerank": 3, "featurecla": "Road", "type": "Major Highway", "edited": "New in version 2.0.0", "question": 0, "length_km": 211, "toll": 0, "ne_part": "global_basic", "labelrank": 0, "ignore": 0, "add": 0, "rwdb_rd_id": 70804, "orig_fid": 36578, "uident": 0, "continent": "Oceania", "expressway": 0, "min_zoom": 3.0, "min_label": 6.0 }, "geometry": { "type": "MultiLineString", "coordinates": [ [ [ 120.011534, -33.566142 ], [ 120.345612, -33.58264 ], [ 120.456971, -33.640382 ], [ 120.803423, -33.673377 ], [ 121.116879, -33.764115 ], [ 121.446833, -33.693999 ], [ 121.747915, -33.75999 ], [ 121.871648, -33.755866 ] ] ] } },
{ "type": "Feature", "properties": { "scalerank": 3, "featurecla": "Road", "type": "Major Highway", "edited": "New in version 2.0.0", "question": 0, "length_km": 6, "toll": 0, "ne_part": "global_basic", "labelrank": 0, "ignore": 0, "add": 0, "rwdb_rd_id": 70814, "orig_fid": 36583, "uident": 0, "continent": "Oceania", "expressway": 0, "min_zoom": 3.0, "min_label": 6.0 }, "geometry": { "type": "MultiLineString", "coordinates": [ [ [ 121.89227, -33.817732 ], [ 121.871648, -33.755866 ] ] ] } },
{ "type": "Feature", "properties": { "scalerank": 6, "featurecla": "Road", "type": "Secondary Highway", "edited": "New in version 2.0.0", "question": 0, "length_km": 221, "toll": 0, "ne_part": "global_basic", "labelrank": 0, "ignore": 0, "add": 0, "rwdb_rd_id": 70815, "orig_fid": 36584, "uident": 0, "continent": "Oceania", "expressway": 0, "min_zoom": 6.0, "min_label": 8.5 }, "geometry": { "type": "MultiLineString", "coordinates": [ [ [ 121.89227, -33.817732 ], [ 121.950012, -33.75999 ], [ 122.094367, -33.726995 ], [ 123.240956, -33.755866 ], [ 123.418306, -33.710497 ], [ 123.620403, -33.702248 ], [ 123.826624, -33.61976 ] ] ] } },
{ "type": "Feature", "properties": { "scalerank": 5, "featurecla": "Road", "type": "Major Highway", "edited": "New in version 2.0.0", "question": 0, "length_km": 109, "toll": 0, "ne_part": "global_basic", "labelrank": 0, "ignore": 0, "add": 0, "rwdb_rd_id": 70817, "orig_fid": 36586, "uident": 0, "continent": "Oceania", "expressway": 0, "min_zoom": 5.0, "min_label": 8.0 }, "geometry": { "type": "MultiLineString", "coordinates": [ [ [ 148.680393, -33.821857 ], [ 148.73401, -33.817732 ], [ 148.812374, -33.718746 ], [ 149.018595, -33.669253 ], [ 149.249563, -33.520774 ], [ 149.567143, -33.40529 ] ] ] } },
{ "type": "Feature", "properties": { "scalerank": 4, "featurecla": "Road", "type": "Major Highway", "edited": "New in version 2.0.0", "question": 0, "length_km": 84, "toll": 0, "ne_part": "global_basic", "labelrank": 0, "ignore": 0, "add": 0, "rwdb_rd_id": 70820, "orig_fid": 36588, "uident": 0, "continent": "Oceania", "expressway": 0, "min_zoom": 4.0, "min_label": 7.0 }, "geometry": { "type": "MultiLineString", "coordinates": [ [ [ 116.872848, -33.025843 ], [ 116.984208, -33.199069 ], [ 117.083194, -33.520774 ], [ 117.083194, -33.632133 ], [ 117.161558, -33.83423 ] ] ] } },
{ "type": "Feature", "properties": { "scalerank": 3, "featurecla": "Road", "type": "Major Highway", "edited": "New in version 2.0.0", "question": 0, "length_km": 4, "toll": 0, "ne_part": "global_basic", "labelrank": 0, "ignore": 0, "add": 0, "rwdb_rd_id": 70830, "orig_fid": 36594, "uident": 0, "continent": "Oceania", "expressway": 0, "min_zoom": 3.0, "min_label": 6.0 }, "geometry": { "type": "MultiLineString", "coordinates": [ [ [ 121.875773, -33.854852 ], [ 121.89227, -33.817732 ] ] ] } },
{ "type": "Feature", "properties": { "scalerank": 7, "featurecla": "Road", "type": "Major Highway", "edited": "New in version 2.0.0", "question": 0, "length_km": 279, "toll": 0, "ne_part": "global_basic", "labelrank": 0, "ignore": 0, "add": 0, "rwdb_rd_id": 70831, "orig_fid": 36595, "uident": 0, "continent": "Oceania", "expressway": 0, "min_zoom": 7.0, "min_label": 9.5 }, "geometry": { "type": "MultiLineString", "coordinates": [ [ [ 144.873551, -33.858976 ], [ 144.927168, -33.813608 ], [ 144.931293, -33.743492 ], [ 144.832307, -33.669253 ], [ 144.59309, -33.285682 ], [ 144.539473, -33.083585 ], [ 144.296132, -32.877364 ], [ 144.263136, -32.803124 ], [ 144.267261, -32.683516 ], [ 143.920809, -32.431926 ], [ 143.726961, -32.073101 ], [ 143.607353, -32.011235 ], [ 143.471247, -31.706028 ] ] ] } },
{ "type": "Feature", "properties": { "scalerank": 3, "featurecla": "Road", "type": "Major Highway", "edited": "New in version 2.0.0", "question": 0, "length_km": 66, "toll": 0, "ne_part": "global_basic", "labelrank": 0, "ignore": 0, "add": 0, "rwdb_rd_id": 70833, "orig_fid": 36597, "uident": 0, "continent": "Oceania", "expressway": 1, "min_zoom": 3.0, "min_label": 6.0 }, "geometry": { "type": "MultiLineString", "coordinates": [ [ [ 151.183917, -33.875474 ], [ 151.183917, -33.784737 ], [ 151.109677, -33.693999 ], [ 151.175668, -33.578516 ], [ 151.188041, -33.479529 ], [ 151.348894, -33.33105 ] ] ] } },
{ "type": "Feature", "properties": { "scalerank": 4, "featurecla": "Road", "type": "Major Highway", "edited": "New in version 2.0.0", "question": 0, "length_km": 138, "toll": 0, "ne_part": "global_basic", "labelrank": 0, "ignore": 0, "add": 0, "rwdb_rd_id": 70834, "orig_fid": 36598, "uident": 0, "continent": "Oceania", "expressway": 0, "min_zoom": 4.0, "min_label": 7.0 }, "geometry": { "type": "MultiLineString", "coordinates": [ [ [ 150.643617, -33.755866 ], [ 150.557005, -33.698124 ], [ 150.482765, -33.735244 ], [ 150.317788, -33.702248 ], [ 150.255922, -33.595013 ], [ 150.144562, -33.5084 ], [ 150.119816, -33.421788 ], [ 149.789862, -33.446534 ], [ 149.567143, -33.40529 ] ] ] } },
{ "type": "Feature", "properties": { "scalerank": 7, "featurecla": "Road", "type": "Secondary Highway", "edited": "New in version 2.0.0", "question": 0, "length_km": 21, "toll": 0, "ne_part": "global_basic", "labelrank": 0, "ignore": 0, "add": 0, "rwdb_rd_id": 70839, "orig_fid": 36603, "uident": 0, "continent": "Oceania", "expressway": 0, "min_zoom": 7.0, "min_label": 9.5 }, "geometry": { "type": "MultiLineString", "coordinates": [ [ [ 117.53688, -33.702248 ], [ 117.631742, -33.896096 ] ] ] } },
{ "type": "Feature", "properties": { "scalerank": 3, "featurecla": "Road", "type": "Major Highway", "edited": "New in version 2.0.0", "question": 0, "length_km": 43, "toll": 0, "ne_part": "global_basic", "labelrank": 0, "ignore": 0, "add": 0, "rwdb_rd_id": 70849, "orig_fid": 36610, "uident": 0, "continent": "Oceania", "expressway": 0, "min_zoom": 3.0, "min_label": 6.0 }, "geometry": { "type": "MultiLineString", "coordinates": [ [ [ 147.546176, -33.747617 ], [ 147.30696, -33.900221 ], [ 147.195601, -33.916718 ] ] ] } },
{ "type": "Feature", "properties": { "scalerank": 6, "featurecla": "Road", "type": "Major Highway", "edited": "New in version 2.0.0", "question": 0, "length_km": 131, "toll": 0, "ne_part": "global_basic", "labelrank": 0, "ignore": 0, "add": 0, "rwdb_rd_id": 70852, "orig_fid": 36613, "uident": 0, "continent": "Oceania", "expressway": 0, "min_zoom": 6.0, "min_label": 8.5 }, "geometry": { "type": "MultiLineString", "coordinates": [ [ [ 147.546176, -33.747617 ], [ 147.690531, -33.817732 ], [ 148.032858, -33.83423 ], [ 148.383434, -33.920843 ], [ 148.602028, -33.821857 ], [ 148.680393, -33.821857 ] ] ] } },
{ "type": "Feature", "properties": { "scalerank": 3, "featurecla": "Road", "type": "Major Highway", "edited": "New in version 2.0.0", "question": 0, "length_km": 129, "toll": 0, "ne_part": "global_basic", "labelrank": 0, "ignore": 0, "add": 0, "rwdb_rd_id": 70868, "orig_fid": 36625, "uident": 0, "continent": "Oceania", "expressway": 0, "min_zoom": 3.0, "min_label": 6.0 }, "geometry": { "type": "MultiLineString", "coordinates": [ [ [ 118.89794, -33.941465 ], [ 120.011534, -33.566142 ] ] ] } },
{ "type": "Feature", "properties": { "scalerank": 9, "featurecla": "Road", "type": "Secondary Highway", "edited": "New in version 2.0.0", "question": 0, "length_km": 122, "toll": 0, "ne_part": "global_basic", "labelrank": 0, "ignore": 0, "add": 0, "rwdb_rd_id": 70870, "orig_fid": 36626, "uident": 0, "continent": "Oceania", "expressway": 0, "min_zoom": 7.6, "min_label": 10.1 }, "geometry": { "type": "MultiLineString", "coordinates": [ [ [ 116.142826, -33.953838 ], [ 116.262434, -33.867225 ], [ 116.390291, -33.83423 ], [ 116.452157, -33.924967 ], [ 116.683125, -33.941465 ], [ 116.971835, -33.846603 ], [ 117.161558, -33.83423 ] ] ] } },
{ "type": "Feature", "properties": { "scalerank": 3, "featurecla": "Road", "type": "Major Highway", "edited": "New in version 2.0.0", "question": 0, "length_km": 80, "toll": 0, "ne_part": "global_basic", "labelrank": 0, "ignore": 0, "add": 0, "rwdb_rd_id": 70871, "orig_fid": 36627, "uident": 0, "continent": "Oceania", "expressway": 0, "min_zoom": 3.0, "min_label": 6.0 }, "geometry": { "type": "MultiLineString", "coordinates": [ [ [ 115.664393, -33.351672 ], [ 115.726259, -33.500152 ], [ 115.845867, -33.590889 ], [ 115.89536, -33.714622 ], [ 116.142826, -33.953838 ] ] ] } },
{ "type": "Feature", "properties": { "scalerank": 7, "featurecla": "Road", "type": "Secondary Highway", "edited": "New in version 2.0.0", "question": 0, "length_km": 57, "toll": 0, "ne_part": "global_basic", "labelrank": 0, "ignore": 0, "add": 0, "rwdb_rd_id": 70877, "orig_fid": 36631, "uident": 0, "continent": "Oceania", "expressway": 0, "min_zoom": 7.0, "min_label": 9.5 }, "geometry": { "type": "MultiLineString", "coordinates": [ [ [ 115.371559, -33.65688 ], [ 115.425176, -33.710497 ], [ 115.668517, -33.805359 ], [ 115.734508, -33.879598 ], [ 115.763379, -33.986833 ] ] ] } },
{ "type": "Feature", "properties": { "scalerank": 10, "featurecla": "Road", "type": "Unknown", "edited": "New in version 2.0.0", "question": 0, "length_km": 1, "toll": 0, "ne_part": "global_basic", "labelrank": 0, "ignore": 0, "add": 0, "rwdb_rd_id": 70879, "orig_fid": 36633, "uident": 0, "continent": "Oceania", "expressway": 0, "min_zoom": 7.7, "min_label": 10.2 }, "geometry": { "type": "MultiLineString", "coordinates": [ [ [ 115.763379, -33.986833 ], [ 115.763379, -33.999207 ] ] ] } },
{ "type": "Feature", "properties": { "scalerank": 9, "featurecla": "Road", "type": "Secondary Highway", "edited": "New in version 2.0.0", "question": 0, "length_km": 47, "toll": 0, "ne_part": "global_basic", "labelrank": 0, "ignore": 0, "add": 0, "rwdb_rd_id": 70888, "orig_fid": 36637, "uident": 0, "continent": "Oceania", "expressway": 0, "min_zoom": 7.6, "min_label": 10.1 }, "geometry": { "type": "MultiLineString", "coordinates": [ [ [ 115.763379, -33.986833 ], [ 115.804623, -34.007456 ], [ 115.841743, -33.982709 ], [ 115.973724, -34.032202 ], [ 116.142826, -33.953838 ] ] ] } },
{ "type": "Feature", "properties": { "scalerank": 7, "featurecla": "Road", "type": "Secondary Highway", "edited": "New in version 2.0.0", "question": 0, "length_km": 147, "toll": 0, "ne_part": "global_basic", "labelrank": 0, "ignore": 0, "add": 0, "rwdb_rd_id": 70891, "orig_fid": 36638, "uident": 0, "continent": "Oceania", "expressway": 0, "min_zoom": 7.0, "min_label": 9.5 }, "geometry": { "type": "MultiLineString", "coordinates": [ [ [ 117.631742, -33.896096 ], [ 117.916327, -33.887847 ], [ 118.184415, -34.036326 ], [ 118.390636, -34.01158 ], [ 118.497871, -33.953838 ], [ 118.89794, -33.941465 ] ] ] } },
{ "type": "Feature", "properties": { "scalerank": 7, "featurecla": "Road", "type": "Secondary Highway", "edited": "New in version 2.0.0", "question": 0, "length_km": 45, "toll": 0, "ne_part": "global_basic", "labelrank": 0, "ignore": 0, "add": 0, "rwdb_rd_id": 70898, "orig_fid": 36644, "uident": 0, "continent": "Oceania", "expressway": 0, "min_zoom": 7.0, "min_label": 9.5 }, "geometry": { "type": "MultiLineString", "coordinates": [ [ [ 138.010512, -34.052824 ], [ 137.622817, -33.93734 ] ] ] } },
{ "type": "Feature", "properties": { "scalerank": 3, "featurecla": "Road", "type": "Major Highway", "edited": "New in version 2.0.0", "question": 0, "length_km": 170, "toll": 0, "ne_part": "global_basic", "labelrank": 0, "ignore": 0, "add": 0, "rwdb_rd_id": 70924, "orig_fid": 36661, "uident": 0, "continent": "Oceania", "expressway": 0, "min_zoom": 3.0, "min_label": 6.0 }, "geometry": { "type": "MultiLineString", "coordinates": [ [ [ 137.862033, -32.58453 ], [ 137.940397, -32.749507 ], [ 137.956895, -32.930981 ], [ 138.043508, -33.071212 ], [ 138.055881, -33.178447 ], [ 138.196111, -33.347548 ], [ 138.13012, -33.463032 ], [ 138.196111, -33.599138 ], [ 138.179614, -33.788861 ], [ 138.117747, -33.883723 ], [ 138.191987, -34.007456 ], [ 138.138369, -34.139437 ] ] ] } },
{ "type": "Feature", "properties": { "scalerank": 7, "featurecla": "Road", "type": "Secondary Highway", "edited": "New in version 2.0.0", "question": 0, "length_km": 17, "toll": 0, "ne_part": "global_basic", "labelrank": 0, "ignore": 0, "add": 0, "rwdb_rd_id": 70925, "orig_fid": 36662, "uident": 0, "continent": "Oceania", "expressway": 0, "min_zoom": 7.0, "min_label": 9.5 }, "geometry": { "type": "MultiLineString", "coordinates": [ [ [ 138.138369, -34.139437 ], [ 138.109498, -34.094068 ], [ 138.010512, -34.052824 ] ] ] } },
{ "type": "Feature", "properties": { "scalerank": 4, "featurecla": "Road", "type": "Major Highway", "edited": "New in version 2.0.0", "question": 0, "length_km": 257, "toll": 0, "ne_part": "global_basic", "labelrank": 0, "ignore": 0, "add": 0, "rwdb_rd_id": 70931, "orig_fid": 36667, "uident": 0, "continent": "Oceania", "expressway": 0, "min_zoom": 4.0, "min_label": 7.0 }, "geometry": { "type": "MultiLineString", "coordinates": [ [ [ 142.176179, -34.168308 ], [ 142.155557, -34.131188 ], [ 142.044197, -34.089944 ], [ 141.895718, -34.110566 ], [ 141.788483, -33.891972 ], [ 141.784359, -33.661004 ], [ 141.677124, -33.36817 ], [ 141.689497, -33.178447 ], [ 141.640004, -33.100083 ], [ 141.652377, -33.025843 ], [ 141.611133, -32.926857 ], [ 141.648253, -32.605152 ], [ 141.56164, -32.431926 ], [ 141.479151, -32.349438 ], [ 141.400787, -32.167963 ], [ 141.45028, -31.961742 ] ] ] } },
{ "type": "Feature", "properties": { "scalerank": 7, "featurecla": "Road", "type": "Major Highway", "edited": "New in version 2.0.0", "question": 0, "length_km": 47, "toll": 0, "ne_part": "global_basic", "labelrank": 0, "ignore": 0, "add": 0, "rwdb_rd_id": 70934, "orig_fid": 36670, "uident": 0, "continent": "Oceania", "expressway": 0, "min_zoom": 7.0, "min_label": 9.5 }, "geometry": { "type": "MultiLineString", "coordinates": [ [ [ 138.695166, -34.180681 ], [ 138.567309, -33.838354 ], [ 138.554936, -33.714622 ] ] ] } },
{ "type": "Feature", "properties": { "scalerank": 9, "featurecla": "Road", "type": "Secondary Highway", "edited": "New in version 2.0.0", "question": 0, "length_km": 80, "toll": 0, "ne_part": "global_basic", "labelrank": 0, "ignore": 0, "add": 0, "rwdb_rd_id": 70937, "orig_fid": 36672, "uident": 0, "continent": "Oceania", "expressway": 0, "min_zoom": 7.6, "min_label": 10.1 }, "geometry": { "type": "MultiLineString", "coordinates": [ [ [ 115.099347, -34.18893 ], [ 115.520038, -34.15181 ], [ 115.565407, -34.089944 ], [ 115.763379, -33.999207 ] ] ] } },
{ "type": "Feature", "properties": { "scalerank": 6, "featurecla": "Road", "type": "Major Highway", "edited": "New in version 2.0.0", "question": 0, "length_km": 70, "toll": 0, "ne_part": "global_basic", "labelrank": 0, "ignore": 0, "add": 0, "rwdb_rd_id": 70938, "orig_fid": 36673, "uident": 0, "continent": "Oceania", "expressway": 0, "min_zoom": 6.0, "min_label": 8.5 }, "geometry": { "type": "MultiLineString", "coordinates": [ [ [ 115.371559, -33.65688 ], [ 115.190084, -33.698124 ], [ 115.136467, -33.788861 ], [ 115.082849, -33.941465 ], [ 115.099347, -34.18893 ] ] ] } },
{ "type": "Feature", "properties": { "scalerank": 6, "featurecla": "Road", "type": "Major Highway", "edited": "New in version 2.0.0", "question": 0, "length_km": 6, "toll": 0, "ne_part": "global_basic", "labelrank": 0, "ignore": 0, "add": 0, "rwdb_rd_id": 70944, "orig_fid": 36676, "uident": 0, "continent": "Oceania", "expressway": 0, "min_zoom": 6.0, "min_label": 8.5 }, "geometry": { "type": "MultiLineString", "coordinates": [ [ [ 142.176179, -34.168308 ], [ 142.134934, -34.213677 ] ] ] } },
{ "type": "Feature", "properties": { "scalerank": 3, "featurecla": "Road", "type": "Major Highway", "edited": "New in version 2.0.0", "question": 0, "length_km": 31, "toll": 0, "ne_part": "global_basic", "labelrank": 0, "ignore": 0, "add": 0, "rwdb_rd_id": 70956, "orig_fid": 36687, "uident": 0, "continent": "Oceania", "expressway": 0, "min_zoom": 3.0, "min_label": 6.0 }, "geometry": { "type": "MultiLineString", "coordinates": [ [ [ 116.142826, -33.953838 ], [ 116.208816, -34.131188 ], [ 116.14695, -34.246672 ] ] ] } },
{ "type": "Feature", "properties": { "scalerank": 6, "featurecla": "Road", "type": "Major Highway", "edited": "New in version 2.0.0", "question": 0, "length_km": 14, "toll": 0, "ne_part": "global_basic", "labelrank": 0, "ignore": 0, "add": 0, "rwdb_rd_id": 70971, "orig_fid": 36696, "uident": 0, "continent": "Oceania", "expressway": 0, "min_zoom": 6.0, "min_label": 8.5 }, "geometry": { "type": "MultiLineString", "coordinates": [ [ [ 115.099347, -34.18893 ], [ 115.14884, -34.325036 ] ] ] } },
{ "type": "Feature", "properties": { "scalerank": 7, "featurecla": "Road", "type": "Secondary Highway", "edited": "New in version 2.0.0", "question": 0, "length_km": 51, "toll": 0, "ne_part": "global_basic", "labelrank": 0, "ignore": 0, "add": 0, "rwdb_rd_id": 70972, "orig_fid": 36697, "uident": 0, "continent": "Oceania", "expressway": 0, "min_zoom": 7.0, "min_label": 9.5 }, "geometry": { "type": "MultiLineString", "coordinates": [ [ [ 117.631742, -33.896096 ], [ 117.602871, -34.003331 ], [ 117.660613, -34.127064 ], [ 117.644115, -34.213677 ], [ 117.503885, -34.32916 ] ] ] } },
{ "type": "Feature", "properties": { "scalerank": 4, "featurecla": "Road", "type": "Major Highway", "edited": "New in version 2.0.0", "question": 0, "length_km": 63, "toll": 0, "ne_part": "global_basic", "labelrank": 0, "ignore": 0, "add": 0, "rwdb_rd_id": 70973, "orig_fid": 36698, "uident": 0, "continent": "Oceania", "expressway": 0, "min_zoom": 4.0, "min_label": 7.0 }, "geometry": { "type": "MultiLineString", "coordinates": [ [ [ 117.161558, -33.83423 ], [ 117.194553, -33.966211 ], [ 117.454392, -34.22605 ], [ 117.503885, -34.32916 ] ] ] } },
{ "type": "Feature", "properties": { "scalerank": 3, "featurecla": "Road", "type": "Major Highway", "edited": "New in version 2.0.0", "question": 0, "length_km": 13, "toll": 0, "ne_part": "global_basic", "labelrank": 0, "ignore": 0, "add": 0, "rwdb_rd_id": 70976, "orig_fid": 36701, "uident": 0, "continent": "Oceania", "expressway": 0, "min_zoom": 3.0, "min_label": 6.0 }, "geometry": { "type": "MultiLineString", "coordinates": [ [ [ 116.14695, -34.246672 ], [ 116.118079, -34.300289 ], [ 116.155199, -34.36628 ] ] ] } },
{ "type": "Feature", "properties": { "scalerank": 7, "featurecla": "Road", "type": "Secondary Highway", "edited": "New in version 2.0.0", "question": 0, "length_km": 82, "toll": 0, "ne_part": "global_basic", "labelrank": 0, "ignore": 0, "add": 0, "rwdb_rd_id": 70995, "orig_fid": 36712, "uident": 0, "continent": "Oceania", "expressway": 0, "min_zoom": 7.0, "min_label": 9.5 }, "geometry": { "type": "MultiLineString", "coordinates": [ [ [ 115.763379, -33.999207 ], [ 115.759254, -34.279667 ], [ 115.804623, -34.419898 ], [ 116.014969, -34.452893 ], [ 116.155199, -34.36628 ] ] ] } },
{ "type": "Feature", "properties": { "scalerank": 6, "featurecla": "Road", "type": "Major Highway", "edited": "New in version 2.0.0", "question": 0, "length_km": 283, "toll": 0, "ne_part": "global_basic", "labelrank": 0, "ignore": 0, "add": 0, "rwdb_rd_id": 71003, "orig_fid": 36718, "uident": 0, "continent": "Oceania", "expressway": 0, "min_zoom": 6.0, "min_label": 8.5 }, "geometry": { "type": "MultiLineString", "coordinates": [ [ [ 144.832307, -34.498262 ], [ 144.989035, -34.444644 ], [ 145.244749, -34.143561 ], [ 145.380855, -34.065197 ], [ 145.48809, -34.052824 ], [ 145.566454, -34.007456 ], [ 145.690186, -34.007456 ], [ 145.896408, -33.916718 ], [ 146.279979, -33.83423 ], [ 146.684172, -33.879598 ], [ 146.865647, -33.83423 ], [ 147.195601, -33.916718 ] ] ] } },
{ "type": "Feature", "properties": { "scalerank": 7, "featurecla": "Road", "type": "Major Highway", "edited": "New in version 2.0.0", "question": 0, "length_km": 69, "toll": 0, "ne_part": "global_basic", "labelrank": 0, "ignore": 0, "add": 0, "rwdb_rd_id": 71004, "orig_fid": 36719, "uident": 0, "continent": "Oceania", "expressway": 0, "min_zoom": 7.0, "min_label": 9.5 }, "geometry": { "type": "MultiLineString", "coordinates": [ [ [ 144.832307, -34.498262 ], [ 144.828182, -34.399276 ], [ 144.720947, -34.18893 ], [ 144.815809, -34.069322 ], [ 144.885924, -33.891972 ], [ 144.873551, -33.858976 ] ] ] } },
{ "type": "Feature", "properties": { "scalerank": 10, "featurecla": "Road", "type": "Unknown", "edited": "New in version 2.0.0", "question": 0, "length_km": 3, "toll": 0, "ne_part": "global_basic", "labelrank": 0, "ignore": 0, "add": 0, "rwdb_rd_id": 71013, "orig_fid": 36725, "uident": 0, "continent": "Oceania", "expressway": 0, "min_zoom": 7.7, "min_label": 10.2 }, "geometry": { "type": "MultiLineString", "coordinates": [ [ [ 144.840555, -34.531257 ], [ 144.832307, -34.498262 ] ] ] } },
{ "type": "Feature", "properties": { "scalerank": 3, "featurecla": "Road", "type": "Major Highway", "edited": "New in version 2.0.0", "question": 0, "length_km": 395, "toll": 0, "ne_part": "global_basic", "labelrank": 0, "ignore": 0, "add": 0, "rwdb_rd_id": 71019, "orig_fid": 36730, "uident": 0, "continent": "Oceania", "expressway": 0, "min_zoom": 3.0, "min_label": 6.0 }, "geometry": { "type": "MultiLineString", "coordinates": [ [ [ 142.134934, -34.213677 ], [ 142.031824, -34.213677 ], [ 141.784359, -34.283792 ], [ 140.922354, -34.283792 ], [ 140.724382, -34.176557 ], [ 140.617147, -34.26317 ], [ 140.505788, -34.283792 ], [ 140.31194, -34.197179 ], [ 139.998484, -34.197179 ], [ 139.466433, -34.386902 ], [ 139.103484, -34.407524 ], [ 138.876641, -34.465266 ], [ 138.724037, -34.556004 ] ] ] } },
{ "type": "Feature", "properties": { "scalerank": 4, "featurecla": "Road", "type": "Major Highway", "edited": "New in version 2.0.0", "question": 0, "length_km": 160, "toll": 0, "ne_part": "global_basic", "labelrank": 0, "ignore": 0, "add": 0, "rwdb_rd_id": 71020, "orig_fid": 36731, "uident": 0, "continent": "Oceania", "expressway": 0, "min_zoom": 4.0, "min_label": 7.0 }, "geometry": { "type": "MultiLineString", "coordinates": [ [ [ 138.724037, -34.556004 ], [ 138.761157, -34.325036 ], [ 138.711664, -34.193055 ], [ 138.839521, -33.900221 ], [ 138.823023, -33.784737 ], [ 138.880765, -33.65688 ], [ 138.88489, -33.479529 ], [ 138.843646, -33.277433 ], [ 138.946756, -32.972226 ] ] ] } },
{ "type": "Feature", "properties": { "scalerank": 3, "featurecla": "Road", "type": "Major Highway", "edited": "New in version 2.0.0", "question": 0, "length_km": 78, "toll": 0, "ne_part": "global_basic", "labelrank": 0, "ignore": 0, "add": 0, "rwdb_rd_id": 71021, "orig_fid": 36732, "uident": 0, "continent": "Oceania", "expressway": 0, "min_zoom": 3.0, "min_label": 6.0 }, "geometry": { "type": "MultiLineString", "coordinates": [ [ [ 142.749473, -34.568377 ], [ 142.625741, -34.535382 ], [ 142.48551, -34.444644 ], [ 142.398897, -34.325036 ], [ 142.291663, -34.283792 ], [ 142.242169, -34.201303 ], [ 142.176179, -34.168308 ] ] ] } },
{ "type": "Feature", "properties": { "scalerank": 7, "featurecla": "Road", "type": "Secondary Highway", "edited": "New in version 2.0.0", "question": 0, "length_km": 145, "toll": 0, "ne_part": "global_basic", "labelrank": 0, "ignore": 0, "add": 0, "rwdb_rd_id": 71028, "orig_fid": 36738, "uident": 0, "continent": "Oceania", "expressway": 0, "min_zoom": 7.0, "min_label": 9.5 }, "geometry": { "type": "MultiLineString", "coordinates": [ [ [ 135.556481, -33.133078 ], [ 135.651343, -33.487778 ], [ 135.737956, -33.574391 ], [ 135.688463, -33.706373 ], [ 135.721458, -34.250796 ], [ 135.663716, -34.597248 ] ] ] } },
{ "type": "Feature", "properties": { "scalerank": 4, "featurecla": "Road", "type": "Major Highway", "edited": "New in version 2.0.0", "question": 0, "length_km": 360, "toll": 0, "ne_part": "global_basic", "labelrank": 0, "ignore": 0, "add": 0, "rwdb_rd_id": 71029, "orig_fid": 36739, "uident": 0, "continent": "Oceania", "expressway": 0, "min_zoom": 4.0, "min_label": 7.0 }, "geometry": { "type": "MultiLineString", "coordinates": [ [ [ 133.762357, -32.134968 ], [ 133.972703, -32.357687 ], [ 134.187173, -32.440175 ], [ 134.286159, -32.522664 ], [ 134.343901, -32.733009 ], [ 134.253164, -32.827871 ], [ 134.463509, -32.926857 ], [ 134.649108, -33.128954 ], [ 134.900698, -33.318677 ], [ 134.941942, -33.454783 ], [ 134.900698, -33.607387 ], [ 135.226527, -33.813608 ], [ 135.284269, -33.904345 ], [ 135.300767, -34.028078 ], [ 135.436873, -34.221925 ], [ 135.494615, -34.523008 ], [ 135.663716, -34.597248 ] ] ] } },
{ "type": "Feature", "properties": { "scalerank": 4, "featurecla": "Road", "type": "Major Highway", "edited": "New in version 2.0.0", "question": 0, "length_km": 33, "toll": 0, "ne_part": "global_basic", "labelrank": 0, "ignore": 0, "add": 0, "rwdb_rd_id": 71035, "orig_fid": 36745, "uident": 0, "continent": "Oceania", "expressway": 0, "min_zoom": 4.0, "min_label": 7.0 }, "geometry": { "type": "MultiLineString", "coordinates": [ [ [ 117.503885, -34.32916 ], [ 117.64824, -34.634368 ] ] ] } },
{ "type": "Feature", "properties": { "scalerank": 6, "featurecla": "Road", "type": "Secondary Highway", "edited": "New in version 2.0.0", "question": 0, "length_km": 180, "toll": 0, "ne_part": "global_basic", "labelrank": 0, "ignore": 0, "add": 0, "rwdb_rd_id": 71042, "orig_fid": 36751, "uident": 0, "continent": "Oceania", "expressway": 0, "min_zoom": 6.0, "min_label": 8.5 }, "geometry": { "type": "MultiLineString", "coordinates": [ [ [ 117.64824, -34.634368 ], [ 117.512134, -34.663239 ], [ 116.707871, -34.432271 ], [ 116.604761, -34.452893 ], [ 116.514024, -34.395151 ], [ 116.406789, -34.395151 ], [ 116.373793, -34.337409 ], [ 116.245936, -34.337409 ], [ 116.212941, -34.279667 ], [ 116.14695, -34.246672 ] ] ] } },
{ "type": "Feature", "properties": { "scalerank": 3, "featurecla": "Road", "type": "Major Highway", "edited": "New in version 2.0.0", "question": 0, "length_km": 161, "toll": 0, "ne_part": "global_basic", "labelrank": 0, "ignore": 0, "add": 0, "rwdb_rd_id": 71050, "orig_fid": 36756, "uident": 0, "continent": "Oceania", "expressway": 1, "min_zoom": 3.0, "min_label": 6.0 }, "geometry": { "type": "MultiLineString", "coordinates": [ [ [ 151.183917, -33.875474 ], [ 150.961198, -33.887847 ], [ 150.808594, -33.986833 ], [ 150.693111, -34.217801 ], [ 150.524009, -34.391027 ], [ 150.350784, -34.465266 ], [ 150.231175, -34.601372 ], [ 150.000208, -34.704483 ] ] ] } },
{ "type": "Feature", "properties": { "scalerank": 4, "featurecla": "Road", "type": "Major Highway", "edited": "New in version 2.0.0", "question": 0, "length_km": 304, "toll": 0, "ne_part": "global_basic", "labelrank": 0, "ignore": 0, "add": 0, "rwdb_rd_id": 71053, "orig_fid": 36759, "uident": 0, "continent": "Oceania", "expressway": 0, "min_zoom": 4.0, "min_label": 7.0 }, "geometry": { "type": "MultiLineString", "coordinates": [ [ [ 137.540328, -32.62165 ], [ 137.474337, -32.708263 ], [ 137.548577, -33.029967 ], [ 137.34648, -33.083585 ], [ 137.24337, -33.236189 ], [ 137.099015, -33.310428 ], [ 137.057771, -33.355797 ], [ 137.0289, -33.524898 ], [ 136.950536, -33.648631 ], [ 136.839176, -33.693999 ], [ 136.356619, -34.044575 ], [ 136.199891, -34.250796 ], [ 135.944177, -34.473515 ], [ 135.853439, -34.613746 ], [ 135.832817, -34.720981 ] ] ] } },
{ "type": "Feature", "properties": { "scalerank": 4, "featurecla": "Road", "type": "Major Highway", "edited": "New in version 2.0.0", "question": 0, "length_km": 22, "toll": 0, "ne_part": "global_basic", "labelrank": 0, "ignore": 0, "add": 0, "rwdb_rd_id": 71054, "orig_fid": 36760, "uident": 0, "continent": "Oceania", "expressway": 0, "min_zoom": 4.0, "min_label": 7.0 }, "geometry": { "type": "MultiLineString", "coordinates": [ [ [ 135.663716, -34.597248 ], [ 135.7792, -34.65499 ], [ 135.832817, -34.720981 ] ] ] } },
{ "type": "Feature", "properties": { "scalerank": 3, "featurecla": "Road", "type": "Major Highway", "edited": "New in version 2.0.0", "question": 0, "length_km": 242, "toll": 0, "ne_part": "global_basic", "labelrank": 0, "ignore": 0, "add": 0, "rwdb_rd_id": 71055, "orig_fid": 36761, "uident": 0, "continent": "Oceania", "expressway": 0, "min_zoom": 3.0, "min_label": 6.0 }, "geometry": { "type": "MultiLineString", "coordinates": [ [ [ 144.840555, -34.531257 ], [ 144.506477, -34.621994 ], [ 144.407491, -34.593123 ], [ 143.94968, -34.720981 ], [ 143.722837, -34.741603 ], [ 143.590856, -34.69211 ], [ 143.545487, -34.630243 ], [ 143.30627, -34.621994 ], [ 142.910326, -34.523008 ], [ 142.749473, -34.568377 ] ] ] } },
{ "type": "Feature", "properties": { "scalerank": 3, "featurecla": "Road", "type": "Major Highway", "edited": "New in version 2.0.0", "question": 0, "length_km": 129, "toll": 0, "ne_part": "global_basic", "labelrank": 0, "ignore": 0, "add": 0, "rwdb_rd_id": 71058, "orig_fid": 36764, "uident": 0, "continent": "Oceania", "expressway": 0, "min_zoom": 3.0, "min_label": 6.0 }, "geometry": { "type": "MultiLineString", "coordinates": [ [ [ 146.543942, -34.762225 ], [ 146.609933, -34.720981 ], [ 146.779034, -34.725105 ], [ 146.845025, -34.428147 ], [ 146.972882, -34.32916 ], [ 147.104863, -34.337409 ], [ 147.195601, -33.916718 ] ] ] } },
{ "type": "Feature", "properties": { "scalerank": 3, "featurecla": "Road", "type": "Major Highway", "edited": "New in version 2.0.0", "question": 0, "length_km": 198, "toll": 0, "ne_part": "global_basic", "labelrank": 0, "ignore": 0, "add": 0, "rwdb_rd_id": 71059, "orig_fid": 36765, "uident": 0, "continent": "Oceania", "expressway": 0, "min_zoom": 3.0, "min_label": 6.0 }, "geometry": { "type": "MultiLineString", "coordinates": [ [ [ 146.543942, -34.762225 ], [ 145.966523, -34.588999 ], [ 145.838666, -34.609621 ], [ 145.52521, -34.465266 ], [ 145.252998, -34.523008 ], [ 145.046777, -34.494137 ], [ 144.840555, -34.531257 ] ] ] } },
{ "type": "Feature", "properties": { "scalerank": 3, "featurecla": "Road", "type": "Major Highway", "edited": "New in version 2.0.0", "question": 0, "length_km": 47, "toll": 0, "ne_part": "global_basic", "labelrank": 0, "ignore": 0, "add": 0, "rwdb_rd_id": 71066, "orig_fid": 36768, "uident": 0, "continent": "Oceania", "expressway": 1, "min_zoom": 3.0, "min_label": 6.0 }, "geometry": { "type": "MultiLineString", "coordinates": [ [ [ 149.59189, -34.807593 ], [ 149.798111, -34.725105 ], [ 149.942466, -34.733354 ], [ 150.000208, -34.704483 ] ] ] } },
{ "type": "Feature", "properties": { "scalerank": 3, "featurecla": "Road", "type": "Major Highway", "edited": "New in version 2.0.0", "question": 0, "length_km": 31, "toll": 0, "ne_part": "global_basic", "labelrank": 0, "ignore": 0, "add": 0, "rwdb_rd_id": 71068, "orig_fid": 36770, "uident": 0, "continent": "Oceania", "expressway": 0, "min_zoom": 3.0, "min_label": 6.0 }, "geometry": { "type": "MultiLineString", "coordinates": [ [ [ 138.724037, -34.556004 ], [ 138.719913, -34.630243 ], [ 138.583807, -34.828216 ] ] ] } },
{ "type": "Feature", "properties": { "scalerank": 3, "featurecla": "Road", "type": "Major Highway", "edited": "New in version 2.0.0", "question": 0, "length_km": 82, "toll": 0, "ne_part": "global_basic", "labelrank": 0, "ignore": 0, "add": 0, "rwdb_rd_id": 71069, "orig_fid": 36771, "uident": 0, "continent": "Oceania", "expressway": 1, "min_zoom": 3.0, "min_label": 6.0 }, "geometry": { "type": "MultiLineString", "coordinates": [ [ [ 138.138369, -34.139437 ], [ 138.348715, -34.448769 ], [ 138.509567, -34.621994 ], [ 138.583807, -34.828216 ] ] ] } },
{ "type": "Feature", "properties": { "scalerank": 7, "featurecla": "Road", "type": "Major Highway", "edited": "New in version 2.0.0", "question": 0, "length_km": 71, "toll": 0, "ne_part": "global_basic", "labelrank": 0, "ignore": 0, "add": 0, "rwdb_rd_id": 71070, "orig_fid": 36772, "uident": 0, "continent": "Oceania", "expressway": 1, "min_zoom": 7.0, "min_label": 9.5 }, "geometry": { "type": "MultiLineString", "coordinates": [ [ [ 148.964978, -34.861211 ], [ 149.327927, -34.753976 ], [ 149.59189, -34.807593 ] ] ] } },
{ "type": "Feature", "properties": { "scalerank": 3, "featurecla": "Road", "type": "Major Highway", "edited": "New in version 2.0.0", "question": 0, "length_km": 175, "toll": 0, "ne_part": "global_basic", "labelrank": 0, "ignore": 0, "add": 0, "rwdb_rd_id": 71094, "orig_fid": 36790, "uident": 0, "continent": "Oceania", "expressway": 0, "min_zoom": 3.0, "min_label": 6.0 }, "geometry": { "type": "MultiLineString", "coordinates": [ [ [ 117.842088, -35.001441 ], [ 117.887456, -34.943699 ], [ 118.023562, -34.877709 ], [ 118.246281, -34.815842 ], [ 118.324645, -34.659114 ], [ 118.469, -34.605497 ], [ 118.687594, -34.424022 ], [ 118.78658, -34.316787 ], [ 118.819576, -34.230174 ], [ 118.914437, -34.217801 ], [ 118.935059, -34.007456 ], [ 118.89794, -33.941465 ] ] ] } },
{ "type": "Feature", "properties": { "scalerank": 4, "featurecla": "Road", "type": "Major Highway", "edited": "New in version 2.0.0", "question": 0, "length_km": 41, "toll": 0, "ne_part": "global_basic", "labelrank": 0, "ignore": 0, "add": 0, "rwdb_rd_id": 71095, "orig_fid": 36791, "uident": 0, "continent": "Oceania", "expressway": 0, "min_zoom": 4.0, "min_label": 7.0 }, "geometry": { "type": "MultiLineString", "coordinates": [ [ [ 117.64824, -34.634368 ], [ 117.776097, -34.935451 ], [ 117.842088, -35.001441 ] ] ] } },
{ "type": "Feature", "properties": { "scalerank": 3, "featurecla": "Road", "type": "Major Highway", "edited": "New in version 2.0.0", "question": 0, "length_km": 223, "toll": 0, "ne_part": "global_basic", "labelrank": 0, "ignore": 0, "add": 0, "rwdb_rd_id": 71096, "orig_fid": 36792, "uident": 0, "continent": "Oceania", "expressway": 0, "min_zoom": 3.0, "min_label": 6.0 }, "geometry": { "type": "MultiLineString", "coordinates": [ [ [ 116.155199, -34.36628 ], [ 116.254185, -34.485888 ], [ 116.481028, -34.638492 ], [ 116.518148, -34.704483 ], [ 116.485153, -34.766349 ], [ 116.617134, -34.980819 ], [ 116.852226, -35.001441 ], [ 117.017203, -34.956073 ], [ 117.235798, -34.993192 ], [ 117.363655, -34.956073 ], [ 117.532756, -35.001441 ], [ 117.842088, -35.001441 ] ] ] } },
{ "type": "Feature", "properties": { "scalerank": 9, "featurecla": "Road", "type": "Secondary Highway", "edited": "New in version 2.0.0", "question": 0, "length_km": 122, "toll": 0, "ne_part": "global_basic", "labelrank": 0, "ignore": 0, "add": 0, "rwdb_rd_id": 71101, "orig_fid": 36797, "uident": 0, "continent": "Oceania", "expressway": 0, "min_zoom": 7.6, "min_label": 10.1 }, "geometry": { "type": "MultiLineString", "coordinates": [ [ [ 137.692932, -35.042685 ], [ 137.618692, -35.00969 ], [ 137.556826, -34.918953 ], [ 137.589821, -34.786971 ], [ 137.589821, -34.539506 ], [ 137.725927, -34.275543 ], [ 137.866157, -34.139437 ], [ 138.010512, -34.052824 ] ] ] } },
{ "type": "Feature", "properties": { "scalerank": 4, "featurecla": "Road", "type": "Major Highway", "edited": "New in version 2.0.0", "question": 0, "length_km": 91, "toll": 0, "ne_part": "global_basic", "labelrank": 0, "ignore": 0, "add": 0, "rwdb_rd_id": 71106, "orig_fid": 36802, "uident": 0, "continent": "Oceania", "expressway": 0, "min_zoom": 4.0, "min_label": 7.0 }, "geometry": { "type": "MultiLineString", "coordinates": [ [ [ 142.749473, -34.568377 ], [ 142.881455, -34.708607 ], [ 143.16604, -34.729229 ], [ 143.236155, -34.774598 ], [ 143.326892, -35.059183 ] ] ] } },
{ "type": "Feature", "properties": { "scalerank": 9, "featurecla": "Road", "type": "Major Highway", "edited": "New in version 2.0.0", "question": 0, "length_km": 112, "toll": 0, "ne_part": "global_basic", "labelrank": 0, "ignore": 0, "add": 0, "rwdb_rd_id": 71109, "orig_fid": 36805, "uident": 0, "continent": "Oceania", "expressway": 0, "min_zoom": 7.6, "min_label": 10.1 }, "geometry": { "type": "MultiLineString", "coordinates": [ [ [ 142.328782, -35.071556 ], [ 142.724727, -35.026188 ], [ 142.815464, -35.055059 ], [ 143.326892, -35.059183 ] ] ] } },
{ "type": "Feature", "properties": { "scalerank": 6, "featurecla": "Road", "type": "Major Highway", "edited": "New in version 2.0.0", "question": 0, "length_km": 83, "toll": 0, "ne_part": "global_basic", "labelrank": 0, "ignore": 0, "add": 0, "rwdb_rd_id": 71110, "orig_fid": 36806, "uident": 0, "continent": "Oceania", "expressway": 0, "min_zoom": 6.0, "min_label": 8.5 }, "geometry": { "type": "MultiLineString", "coordinates": [ [ [ 142.134934, -34.213677 ], [ 142.180303, -34.271419 ], [ 142.328782, -35.071556 ] ] ] } },
{ "type": "Feature", "properties": { "scalerank": 5, "featurecla": "Road", "type": "Secondary Highway", "edited": "New in version 2.0.0", "question": 0, "length_km": 202, "toll": 0, "ne_part": "global_basic", "labelrank": 0, "ignore": 0, "add": 0, "rwdb_rd_id": 71113, "orig_fid": 36808, "uident": 0, "continent": "Oceania", "expressway": 0, "min_zoom": 5.0, "min_label": 8.0 }, "geometry": { "type": "MultiLineString", "coordinates": [ [ [ 147.352329, -35.116925 ], [ 147.393573, -35.096303 ], [ 147.492559, -34.873584 ], [ 147.570923, -34.873584 ], [ 147.847259, -34.774598 ], [ 148.156591, -34.535382 ], [ 148.296821, -34.320912 ], [ 148.408181, -34.250796 ], [ 148.503042, -34.135313 ], [ 148.680393, -33.821857 ] ] ] } },
{ "type": "Feature", "properties": { "scalerank": 3, "featurecla": "Road", "type": "Major Highway", "edited": "New in version 2.0.0", "question": 0, "length_km": 102, "toll": 0, "ne_part": "global_basic", "labelrank": 0, "ignore": 0, "add": 0, "rwdb_rd_id": 71114, "orig_fid": 36809, "uident": 0, "continent": "Oceania", "expressway": 0, "min_zoom": 3.0, "min_label": 6.0 }, "geometry": { "type": "MultiLineString", "coordinates": [ [ [ 147.352329, -35.116925 ], [ 147.117236, -35.08393 ], [ 146.869771, -34.997317 ], [ 146.774909, -35.001441 ], [ 146.642928, -34.931326 ], [ 146.543942, -34.762225 ] ] ] } },
{ "type": "Feature", "properties": { "scalerank": 6, "featurecla": "Road", "type": "Major Highway", "edited": "New in version 2.0.0", "question": 0, "length_km": 11, "toll": 0, "ne_part": "global_basic", "labelrank": 0, "ignore": 0, "add": 0, "rwdb_rd_id": 71116, "orig_fid": 36811, "uident": 0, "continent": "Oceania", "expressway": 0, "min_zoom": 6.0, "min_label": 8.5 }, "geometry": { "type": "MultiLineString", "coordinates": [ [ [ 142.328782, -35.071556 ], [ 142.386524, -35.166418 ] ] ] } },
{ "type": "Feature", "properties": { "scalerank": 3, "featurecla": "Road", "type": "Major Highway", "edited": "New in version 2.0.0", "question": 0, "length_km": 139, "toll": 0, "ne_part": "global_basic", "labelrank": 0, "ignore": 0, "add": 0, "rwdb_rd_id": 71117, "orig_fid": 36812, "uident": 0, "continent": "Oceania", "expressway": 1, "min_zoom": 3.0, "min_label": 6.0 }, "geometry": { "type": "MultiLineString", "coordinates": [ [ [ 148.964978, -34.861211 ], [ 148.775254, -34.766349 ], [ 148.663895, -34.828216 ], [ 148.309195, -34.836464 ], [ 148.168964, -34.918953 ], [ 148.082351, -35.088054 ], [ 148.012236, -35.141672 ], [ 147.872006, -35.182916 ] ] ] } },
{ "type": "Feature", "properties": { "scalerank": 3, "featurecla": "Road", "type": "Major Highway", "edited": "New in version 2.0.0", "question": 0, "length_km": 67, "toll": 0, "ne_part": "global_basic", "labelrank": 0, "ignore": 0, "add": 0, "rwdb_rd_id": 71121, "orig_fid": 36816, "uident": 0, "continent": "Oceania", "expressway": 1, "min_zoom": 3.0, "min_label": 6.0 }, "geometry": { "type": "MultiLineString", "coordinates": [ [ [ 149.59189, -34.807593 ], [ 149.393918, -34.956073 ], [ 149.336176, -35.12105 ], [ 149.138203, -35.232409 ] ] ] } },
{ "type": "Feature", "properties": { "scalerank": 3, "featurecla": "Road", "type": "Major Highway", "edited": "New in version 2.0.0", "question": 0, "length_km": 40, "toll": 0, "ne_part": "global_basic", "labelrank": 0, "ignore": 0, "add": 0, "rwdb_rd_id": 71122, "orig_fid": 36817, "uident": 0, "continent": "Oceania", "expressway": 0, "min_zoom": 3.0, "min_label": 6.0 }, "geometry": { "type": "MultiLineString", "coordinates": [ [ [ 149.138203, -35.232409 ], [ 149.043342, -35.096303 ], [ 149.026844, -34.964321 ], [ 148.964978, -34.861211 ] ] ] } },
{ "type": "Feature", "properties": { "scalerank": 3, "featurecla": "Road", "type": "Major Highway", "edited": "New in version 2.0.0", "question": 0, "length_km": 12, "toll": 0, "ne_part": "global_basic", "labelrank": 0, "ignore": 0, "add": 0, "rwdb_rd_id": 71123, "orig_fid": 36818, "uident": 0, "continent": "Oceania", "expressway": 1, "min_zoom": 3.0, "min_label": 6.0 }, "geometry": { "type": "MultiLineString", "coordinates": [ [ [ 147.872006, -35.182916 ], [ 147.77302, -35.232409 ] ] ] } },
{ "type": "Feature", "properties": { "scalerank": 3, "featurecla": "Road", "type": "Major Highway", "edited": "New in version 2.0.0", "question": 0, "length_km": 52, "toll": 0, "ne_part": "global_basic", "labelrank": 0, "ignore": 0, "add": 0, "rwdb_rd_id": 71124, "orig_fid": 36819, "uident": 0, "continent": "Oceania", "expressway": 0, "min_zoom": 3.0, "min_label": 6.0 }, "geometry": { "type": "MultiLineString", "coordinates": [ [ [ 147.77302, -35.232409 ], [ 147.723527, -35.174667 ], [ 147.599794, -35.174667 ], [ 147.554425, -35.141672 ], [ 147.513181, -35.166418 ], [ 147.352329, -35.116925 ] ] ] } },
{ "type": "Feature", "properties": { "scalerank": 3, "featurecla": "Road", "type": "Major Highway", "edited": "New in version 2.0.0", "question": 0, "length_km": 90, "toll": 0, "ne_part": "global_basic", "labelrank": 0, "ignore": 0, "add": 0, "rwdb_rd_id": 71127, "orig_fid": 36822, "uident": 0, "continent": "Oceania", "expressway": 1, "min_zoom": 3.0, "min_label": 6.0 }, "geometry": { "type": "MultiLineString", "coordinates": [ [ [ 138.583807, -34.828216 ], [ 138.563185, -34.918953 ], [ 138.612678, -34.960197 ], [ 138.971503, -35.112801 ], [ 139.251963, -35.162294 ] ] ] } },
{ "type": "Feature", "properties": { "scalerank": 10, "featurecla": "Road", "type": "Unknown", "edited": "New in version 2.0.0", "question": 0, "length_km": 3, "toll": 0, "ne_part": "global_basic", "labelrank": 0, "ignore": 0, "add": 0, "rwdb_rd_id": 71128, "orig_fid": 36823, "uident": 0, "continent": "Oceania", "expressway": 0, "min_zoom": 7.7, "min_label": 10.2 }, "geometry": { "type": "MultiLineString", "coordinates": [ [ [ 139.462309, -35.290151 ], [ 139.487055, -35.290151 ] ] ] } },
{ "type": "Feature", "properties": { "scalerank": 9, "featurecla": "Road", "type": "Major Highway", "edited": "New in version 2.0.0", "question": 0, "length_km": 322, "toll": 0, "ne_part": "global_basic", "labelrank": 0, "ignore": 0, "add": 0, "rwdb_rd_id": 71139, "orig_fid": 36834, "uident": 0, "continent": "Oceania", "expressway": 0, "min_zoom": 7.6, "min_label": 10.1 }, "geometry": { "type": "MultiLineString", "coordinates": [ [ [ 139.487055, -35.290151 ], [ 139.932493, -35.40151 ], [ 140.633645, -35.2984 ], [ 140.868737, -35.306649 ], [ 140.99247, -35.244782 ], [ 141.215188, -35.273653 ], [ 141.705995, -35.174667 ], [ 141.924589, -35.166418 ], [ 142.328782, -35.071556 ] ] ] } },
{ "type": "Feature", "properties": { "scalerank": 6, "featurecla": "Road", "type": "Major Highway", "edited": "New in version 2.0.0", "question": 0, "length_km": 99, "toll": 0, "ne_part": "global_basic", "labelrank": 0, "ignore": 0, "add": 0, "rwdb_rd_id": 71148, "orig_fid": 36843, "uident": 0, "continent": "Oceania", "expressway": 0, "min_zoom": 6.0, "min_label": 8.5 }, "geometry": { "type": "MultiLineString", "coordinates": [ [ [ 144.840555, -34.531257 ], [ 144.782814, -34.778722 ], [ 144.774565, -35.026188 ], [ 144.815809, -35.079805 ], [ 144.852929, -35.327271 ], [ 144.980786, -35.51287 ] ] ] } },
{ "type": "Feature", "properties": { "scalerank": 6, "featurecla": "Road", "type": "Major Highway", "edited": "New in version 2.0.0", "question": 0, "length_km": 48, "toll": 0, "ne_part": "global_basic", "labelrank": 0, "ignore": 0, "add": 0, "rwdb_rd_id": 71155, "orig_fid": 36849, "uident": 0, "continent": "Oceania", "expressway": 0, "min_zoom": 6.0, "min_label": 8.5 }, "geometry": { "type": "MultiLineString", "coordinates": [ [ [ 142.386524, -35.166418 ], [ 142.456639, -35.413883 ], [ 142.592745, -35.61598 ] ] ] } },
{ "type": "Feature", "properties": { "scalerank": 3, "featurecla": "Road", "type": "Major Highway", "edited": "New in version 2.0.0", "question": 0, "length_km": 141, "toll": 0, "ne_part": "global_basic", "labelrank": 0, "ignore": 0, "add": 0, "rwdb_rd_id": 71158, "orig_fid": 36852, "uident": 0, "continent": "Oceania", "expressway": 0, "min_zoom": 3.0, "min_label": 6.0 }, "geometry": { "type": "MultiLineString", "coordinates": [ [ [ 146.543942, -34.762225 ], [ 146.205739, -35.038561 ], [ 145.818043, -35.220036 ], [ 145.813919, -35.269529 ], [ 145.727306, -35.36439 ], [ 145.574703, -35.640727 ] ] ] } },
{ "type": "Feature", "properties": { "scalerank": 6, "featurecla": "Road", "type": "Major Highway", "edited": "New in version 2.0.0", "question": 0, "length_km": 68, "toll": 0, "ne_part": "global_basic", "labelrank": 0, "ignore": 0, "add": 0, "rwdb_rd_id": 71159, "orig_fid": 36853, "uident": 0, "continent": "Oceania", "expressway": 0, "min_zoom": 6.0, "min_label": 8.5 }, "geometry": { "type": "MultiLineString", "coordinates": [ [ [ 144.980786, -35.51287 ], [ 145.063274, -35.554114 ], [ 145.574703, -35.640727 ] ] ] } },
{ "type": "Feature", "properties": { "scalerank": 4, "featurecla": "Road", "type": "Major Highway", "edited": "New in version 2.0.0", "question": 0, "length_km": 100, "toll": 0, "ne_part": "global_basic", "labelrank": 0, "ignore": 0, "add": 0, "rwdb_rd_id": 71165, "orig_fid": 36858, "uident": 0, "continent": "Oceania", "expressway": 0, "min_zoom": 4.0, "min_label": 7.0 }, "geometry": { "type": "MultiLineString", "coordinates": [ [ [ 143.326892, -35.059183 ], [ 143.372261, -35.18704 ], [ 143.516616, -35.265404 ], [ 143.574358, -35.409759 ], [ 143.77233, -35.545865 ], [ 143.937307, -35.772708 ] ] ] } },
{ "type": "Feature", "properties": { "scalerank": 9, "featurecla": "Road", "type": "Secondary Highway", "edited": "New in version 2.0.0", "question": 0, "length_km": 107, "toll": 0, "ne_part": "global_basic", "labelrank": 0, "ignore": 0, "add": 0, "rwdb_rd_id": 71166, "orig_fid": 36859, "uident": 0, "continent": "Oceania", "expressway": 0, "min_zoom": 7.6, "min_label": 10.1 }, "geometry": { "type": "MultiLineString", "coordinates": [ [ [ 137.573323, -35.648976 ], [ 137.358854, -35.743837 ], [ 137.136135, -35.776833 ], [ 136.628831, -35.735588 ] ] ] } },
{ "type": "Feature", "properties": { "scalerank": 3, "featurecla": "Road", "type": "Major Highway", "edited": "New in version 2.0.0", "question": 0, "length_km": 128, "toll": 0, "ne_part": "global_basic", "labelrank": 0, "ignore": 0, "add": 0, "rwdb_rd_id": 71180, "orig_fid": 36869, "uident": 0, "continent": "Oceania", "expressway": 1, "min_zoom": 3.0, "min_label": 6.0 }, "geometry": { "type": "MultiLineString", "coordinates": [ [ [ 147.77302, -35.232409 ], [ 147.657536, -35.319022 ], [ 147.641038, -35.43863 ], [ 147.492559, -35.624229 ], [ 147.311084, -35.747962 ], [ 147.273965, -35.846948 ], [ 147.187352, -35.86757 ], [ 147.117236, -35.962432 ], [ 147.014126, -35.950058 ], [ 146.964633, -36.016049 ] ] ] } },
{ "type": "Feature", "properties": { "scalerank": 5, "featurecla": "Road", "type": "Secondary Highway", "edited": "New in version 2.0.0", "question": 0, "length_km": 102, "toll": 0, "ne_part": "global_basic", "labelrank": 0, "ignore": 0, "add": 0, "rwdb_rd_id": 71181, "orig_fid": 36870, "uident": 0, "continent": "Oceania", "expressway": 0, "min_zoom": 5.0, "min_label": 8.0 }, "geometry": { "type": "MultiLineString", "coordinates": [ [ [ 146.964633, -36.016049 ], [ 146.968757, -35.846948 ], [ 147.063619, -35.628353 ], [ 147.05537, -35.471625 ], [ 147.096614, -35.314897 ], [ 147.352329, -35.116925 ] ] ] } },
{ "type": "Feature", "properties": { "scalerank": 4, "featurecla": "Road", "type": "Major Highway", "edited": "New in version 2.0.0", "question": 0, "length_km": 9, "toll": 0, "ne_part": "global_basic", "labelrank": 0, "ignore": 0, "add": 0, "rwdb_rd_id": 71189, "orig_fid": 36877, "uident": 0, "continent": "Oceania", "expressway": 0, "min_zoom": 4.0, "min_label": 7.0 }, "geometry": { "type": "MultiLineString", "coordinates": [ [ [ 146.902767, -36.08204 ], [ 146.964633, -36.016049 ] ] ] } },
{ "type": "Feature", "properties": { "scalerank": 6, "featurecla": "Road", "type": "Major Highway", "edited": "New in version 2.0.0", "question": 0, "length_km": 160, "toll": 0, "ne_part": "global_basic", "labelrank": 0, "ignore": 0, "add": 0, "rwdb_rd_id": 71190, "orig_fid": 36878, "uident": 0, "continent": "Oceania", "expressway": 0, "min_zoom": 6.0, "min_label": 8.5 }, "geometry": { "type": "MultiLineString", "coordinates": [ [ [ 145.574703, -35.640727 ], [ 145.793297, -35.648976 ], [ 145.846914, -35.694344 ], [ 146.003642, -35.739713 ], [ 146.341845, -35.797455 ], [ 146.424334, -35.950058 ], [ 146.568688, -35.966556 ], [ 146.902767, -36.08204 ] ] ] } },
{ "type": "Feature", "properties": { "scalerank": 4, "featurecla": "Road", "type": "Major Highway", "edited": "New in version 2.0.0", "question": 0, "length_km": 4, "toll": 0, "ne_part": "global_basic", "labelrank": 0, "ignore": 0, "add": 0, "rwdb_rd_id": 71196, "orig_fid": 36884, "uident": 0, "continent": "Oceania", "expressway": 0, "min_zoom": 4.0, "min_label": 7.0 }, "geometry": { "type": "MultiLineString", "coordinates": [ [ [ 146.882144, -36.115035 ], [ 146.902767, -36.08204 ] ] ] } },
{ "type": "Feature", "properties": { "scalerank": 6, "featurecla": "Road", "type": "Major Highway", "edited": "New in version 2.0.0", "question": 0, "length_km": 69, "toll": 0, "ne_part": "global_basic", "labelrank": 0, "ignore": 0, "add": 0, "rwdb_rd_id": 71199, "orig_fid": 36887, "uident": 0, "continent": "Oceania", "expressway": 0, "min_zoom": 6.0, "min_label": 8.5 }, "geometry": { "type": "MultiLineString", "coordinates": [ [ [ 144.737445, -36.139782 ], [ 144.758067, -36.04492 ], [ 144.885924, -35.929436 ], [ 144.885924, -35.710842 ], [ 144.980786, -35.51287 ] ] ] } },
{ "type": "Feature", "properties": { "scalerank": 7, "featurecla": "Road", "type": "Major Highway", "edited": "New in version 2.0.0", "question": 0, "length_km": 98, "toll": 0, "ne_part": "global_basic", "labelrank": 0, "ignore": 0, "add": 0, "rwdb_rd_id": 71200, "orig_fid": 36888, "uident": 0, "continent": "Oceania", "expressway": 0, "min_zoom": 7.0, "min_label": 9.5 }, "geometry": { "type": "MultiLineString", "coordinates": [ [ [ 144.737445, -36.139782 ], [ 144.423989, -36.003676 ], [ 144.193021, -35.813952 ], [ 143.937307, -35.772708 ] ] ] } },
{ "type": "Feature", "properties": { "scalerank": 7, "featurecla": "Road", "type": "Major Highway", "edited": "New in version 2.0.0", "question": 0, "length_km": 6, "toll": 0, "ne_part": "global_basic", "labelrank": 0, "ignore": 0, "add": 0, "rwdb_rd_id": 71201, "orig_fid": 36889, "uident": 0, "continent": "Oceania", "expressway": 0, "min_zoom": 7.0, "min_label": 9.5 }, "geometry": { "type": "MultiLineString", "coordinates": [ [ [ 146.882144, -36.115035 ], [ 146.923389, -36.152155 ] ] ] } },
{ "type": "Feature", "properties": { "scalerank": 9, "featurecla": "Road", "type": "Major Highway", "edited": "New in version 2.0.0", "question": 0, "length_km": 81, "toll": 0, "ne_part": "global_basic", "labelrank": 0, "ignore": 0, "add": 0, "rwdb_rd_id": 71205, "orig_fid": 36893, "uident": 0, "continent": "Oceania", "expressway": 0, "min_zoom": 7.6, "min_label": 10.1 }, "geometry": { "type": "MultiLineString", "coordinates": [ [ [ 147.23272, -36.234644 ], [ 147.44719, -36.156279 ], [ 147.537928, -36.189275 ], [ 147.62454, -36.172777 ], [ 147.641038, -36.22227 ], [ 147.719402, -36.234644 ], [ 147.909126, -36.214021 ] ] ] } },
{ "type": "Feature", "properties": { "scalerank": 4, "featurecla": "Road", "type": "Major Highway", "edited": "New in version 2.0.0", "question": 0, "length_km": 100, "toll": 0, "ne_part": "global_basic", "labelrank": 0, "ignore": 0, "add": 0, "rwdb_rd_id": 71207, "orig_fid": 36894, "uident": 0, "continent": "Oceania", "expressway": 0, "min_zoom": 4.0, "min_label": 7.0 }, "geometry": { "type": "MultiLineString", "coordinates": [ [ [ 149.121706, -36.247017 ], [ 149.150577, -36.205773 ], [ 149.138203, -35.999551 ], [ 149.175323, -35.859321 ], [ 149.129955, -35.451003 ], [ 149.183572, -35.372639 ], [ 149.138203, -35.232409 ] ] ] } },
{ "type": "Feature", "properties": { "scalerank": 6, "featurecla": "Road", "type": "Major Highway", "edited": "New in version 2.0.0", "question": 0, "length_km": 208, "toll": 0, "ne_part": "global_basic", "labelrank": 0, "ignore": 0, "add": 0, "rwdb_rd_id": 71210, "orig_fid": 36897, "uident": 0, "continent": "Oceania", "expressway": 0, "min_zoom": 6.0, "min_label": 8.5 }, "geometry": { "type": "MultiLineString", "coordinates": [ [ [ 147.872006, -35.182916 ], [ 148.028734, -35.323146 ], [ 148.094725, -35.310773 ], [ 148.168964, -35.352017 ], [ 148.210208, -35.302524 ], [ 148.284448, -35.434506 ], [ 148.276199, -35.51287 ], [ 148.321568, -35.591234 ], [ 148.366936, -35.607731 ], [ 148.395807, -35.673722 ], [ 148.453549, -35.661349 ], [ 148.523664, -35.723215 ], [ 148.486545, -35.875819 ], [ 148.515416, -35.917063 ], [ 148.676268, -35.962432 ], [ 148.837121, -36.065542 ], [ 148.907236, -36.209897 ], [ 149.002097, -36.251141 ], [ 149.121706, -36.247017 ] ] ] } },
{ "type": "Feature", "properties": { "scalerank": 9, "featurecla": "Road", "type": "Major Highway", "edited": "New in version 2.0.0", "question": 0, "length_km": 178, "toll": 0, "ne_part": "global_basic", "labelrank": 0, "ignore": 0, "add": 0, "rwdb_rd_id": 71213, "orig_fid": 36900, "uident": 0, "continent": "Oceania", "expressway": 0, "min_zoom": 7.6, "min_label": 10.1 }, "geometry": { "type": "MultiLineString", "coordinates": [ [ [ 142.386524, -35.166418 ], [ 142.691731, -35.178791 ], [ 142.691731, -35.294275 ], [ 142.765971, -35.314897 ], [ 142.778344, -35.446879 ], [ 142.836086, -35.459252 ], [ 143.120671, -35.72734 ], [ 143.215533, -35.884068 ], [ 143.232031, -36.115035 ], [ 143.364012, -36.209897 ], [ 143.347515, -36.271763 ] ] ] } },
{ "type": "Feature", "properties": { "scalerank": 6, "featurecla": "Road", "type": "Major Highway", "edited": "New in version 2.0.0", "question": 0, "length_km": 42, "toll": 0, "ne_part": "global_basic", "labelrank": 0, "ignore": 0, "add": 0, "rwdb_rd_id": 71214, "orig_fid": 36901, "uident": 0, "continent": "Oceania", "expressway": 0, "min_zoom": 6.0, "min_label": 8.5 }, "geometry": { "type": "MultiLineString", "coordinates": [ [ [ 146.923389, -36.152155 ], [ 146.993504, -36.143906 ], [ 147.067743, -36.271763 ], [ 147.23272, -36.234644 ] ] ] } },
{ "type": "Feature", "properties": { "scalerank": 3, "featurecla": "Road", "type": "Major Highway", "edited": "New in version 2.0.0", "question": 0, "length_km": 68, "toll": 0, "ne_part": "global_basic", "labelrank": 0, "ignore": 0, "add": 0, "rwdb_rd_id": 71221, "orig_fid": 36907, "uident": 0, "continent": "Oceania", "expressway": 1, "min_zoom": 3.0, "min_label": 6.0 }, "geometry": { "type": "MultiLineString", "coordinates": [ [ [ 146.337721, -36.350127 ], [ 146.469702, -36.201648 ], [ 146.605808, -36.172777 ], [ 146.713043, -36.102662 ], [ 146.882144, -36.115035 ] ] ] } },
{ "type": "Feature", "properties": { "scalerank": 9, "featurecla": "Road", "type": "Secondary Highway", "edited": "New in version 2.0.0", "question": 0, "length_km": 43, "toll": 0, "ne_part": "global_basic", "labelrank": 0, "ignore": 0, "add": 0, "rwdb_rd_id": 71222, "orig_fid": 36908, "uident": 0, "continent": "Oceania", "expressway": 0, "min_zoom": 7.6, "min_label": 10.1 }, "geometry": { "type": "MultiLineString", "coordinates": [ [ [ 143.347515, -36.271763 ], [ 143.20316, -36.25939 ], [ 143.013436, -36.313008 ], [ 142.98869, -36.350127 ] ] ] } },
{ "type": "Feature", "properties": { "scalerank": 6, "featurecla": "Road", "type": "Major Highway", "edited": "New in version 2.0.0", "question": 0, "length_km": 101, "toll": 0, "ne_part": "global_basic", "labelrank": 0, "ignore": 0, "add": 0, "rwdb_rd_id": 71223, "orig_fid": 36909, "uident": 0, "continent": "Oceania", "expressway": 0, "min_zoom": 6.0, "min_label": 8.5 }, "geometry": { "type": "MultiLineString", "coordinates": [ [ [ 142.592745, -35.61598 ], [ 142.662861, -35.677847 ], [ 142.687607, -35.756211 ], [ 142.757722, -35.789206 ], [ 142.81134, -35.958307 ], [ 142.910326, -35.978929 ], [ 142.852584, -36.201648 ], [ 142.87733, -36.238768 ], [ 142.860833, -36.29651 ], [ 142.98869, -36.350127 ] ] ] } },
{ "type": "Feature", "properties": { "scalerank": 3, "featurecla": "Road", "type": "Major Highway", "edited": "New in version 2.0.0", "question": 0, "length_km": 91, "toll": 0, "ne_part": "global_basic", "labelrank": 0, "ignore": 0, "add": 0, "rwdb_rd_id": 71225, "orig_fid": 36911, "uident": 0, "continent": "Oceania", "expressway": 0, "min_zoom": 3.0, "min_label": 6.0 }, "geometry": { "type": "MultiLineString", "coordinates": [ [ [ 145.574703, -35.640727 ], [ 145.52521, -35.731464 ], [ 145.574703, -35.789206 ], [ 145.595325, -35.929436 ], [ 145.430348, -35.933561 ], [ 145.430348, -36.308883 ], [ 145.405601, -36.378998 ] ] ] } },
{ "type": "Feature", "properties": { "scalerank": 6, "featurecla": "Road", "type": "Major Highway", "edited": "New in version 2.0.0", "question": 0, "length_km": 37, "toll": 0, "ne_part": "global_basic", "labelrank": 0, "ignore": 0, "add": 0, "rwdb_rd_id": 71232, "orig_fid": 36918, "uident": 0, "continent": "Oceania", "expressway": 0, "min_zoom": 6.0, "min_label": 8.5 }, "geometry": { "type": "MultiLineString", "coordinates": [ [ [ 144.737445, -36.139782 ], [ 144.704449, -36.358376 ], [ 144.609588, -36.494482 ] ] ] } },
{ "type": "Feature", "properties": { "scalerank": 9, "featurecla": "Road", "type": "Major Highway", "edited": "New in version 2.0.0", "question": 0, "length_km": 91, "toll": 0, "ne_part": "global_basic", "labelrank": 0, "ignore": 0, "add": 0, "rwdb_rd_id": 71233, "orig_fid": 36919, "uident": 0, "continent": "Oceania", "expressway": 0, "min_zoom": 7.6, "min_label": 10.1 }, "geometry": { "type": "MultiLineString", "coordinates": [ [ [ 145.405601, -36.378998 ], [ 144.609588, -36.494482 ] ] ] } },
{ "type": "Feature", "properties": { "scalerank": 4, "featurecla": "Road", "type": "Major Highway", "edited": "New in version 2.0.0", "question": 0, "length_km": 45, "toll": 0, "ne_part": "global_basic", "labelrank": 0, "ignore": 0, "add": 0, "rwdb_rd_id": 71236, "orig_fid": 36922, "uident": 0, "continent": "Oceania", "expressway": 1, "min_zoom": 4.0, "min_label": 7.0 }, "geometry": { "type": "MultiLineString", "coordinates": [ [ [ 145.991269, -36.560473 ], [ 146.213988, -36.486233 ], [ 146.337721, -36.350127 ] ] ] } },
{ "type": "Feature", "properties": { "scalerank": 9, "featurecla": "Road", "type": "Major Highway", "edited": "New in version 2.0.0", "question": 0, "length_km": 69, "toll": 0, "ne_part": "global_basic", "labelrank": 0, "ignore": 0, "add": 0, "rwdb_rd_id": 71237, "orig_fid": 36923, "uident": 0, "continent": "Oceania", "expressway": 0, "min_zoom": 7.6, "min_label": 10.1 }, "geometry": { "type": "MultiLineString", "coordinates": [ [ [ 145.405601, -36.378998 ], [ 145.91703, -36.469736 ], [ 145.991269, -36.560473 ] ] ] } },
{ "type": "Feature", "properties": { "scalerank": 6, "featurecla": "Road", "type": "Major Highway", "edited": "New in version 2.0.0", "question": 0, "length_km": 54, "toll": 0, "ne_part": "global_basic", "labelrank": 0, "ignore": 0, "add": 0, "rwdb_rd_id": 71238, "orig_fid": 36924, "uident": 0, "continent": "Oceania", "expressway": 0, "min_zoom": 6.0, "min_label": 8.5 }, "geometry": { "type": "MultiLineString", "coordinates": [ [ [ 147.438941, -36.576971 ], [ 147.335831, -36.486233 ], [ 147.207974, -36.432616 ], [ 147.273965, -36.362501 ], [ 147.23272, -36.308883 ], [ 147.23272, -36.234644 ] ] ] } },
{ "type": "Feature", "properties": { "scalerank": 4, "featurecla": "Road", "type": "Major Highway", "edited": "New in version 2.0.0", "question": 0, "length_km": 40, "toll": 0, "ne_part": "global_basic", "labelrank": 0, "ignore": 0, "add": 0, "rwdb_rd_id": 71241, "orig_fid": 36927, "uident": 0, "continent": "Oceania", "expressway": 0, "min_zoom": 4.0, "min_label": 7.0 }, "geometry": { "type": "MultiLineString", "coordinates": [ [ [ 149.319678, -36.597593 ], [ 149.183572, -36.284137 ], [ 149.121706, -36.247017 ] ] ] } },
{ "type": "Feature", "properties": { "scalerank": 6, "featurecla": "Road", "type": "Major Highway", "edited": "New in version 2.0.0", "question": 0, "length_km": 40, "toll": 0, "ne_part": "global_basic", "labelrank": 0, "ignore": 0, "add": 0, "rwdb_rd_id": 71245, "orig_fid": 36931, "uident": 0, "continent": "Oceania", "expressway": 0, "min_zoom": 6.0, "min_label": 8.5 }, "geometry": { "type": "MultiLineString", "coordinates": [ [ [ 142.98869, -36.350127 ], [ 143.112423, -36.535726 ], [ 143.260902, -36.626464 ] ] ] } },
{ "type": "Feature", "properties": { "scalerank": 9, "featurecla": "Road", "type": "Major Highway", "edited": "New in version 2.0.0", "question": 0, "length_km": 116, "toll": 0, "ne_part": "global_basic", "labelrank": 0, "ignore": 0, "add": 0, "rwdb_rd_id": 71246, "orig_fid": 36932, "uident": 0, "continent": "Oceania", "expressway": 0, "min_zoom": 7.6, "min_label": 10.1 }, "geometry": { "type": "MultiLineString", "coordinates": [ [ [ 142.592745, -35.61598 ], [ 142.3824, -35.72734 ], [ 142.423644, -35.842823 ], [ 142.407146, -36.383123 ], [ 142.275165, -36.642961 ] ] ] } },
{ "type": "Feature", "properties": { "scalerank": 3, "featurecla": "Road", "type": "Major Highway", "edited": "New in version 2.0.0", "question": 0, "length_km": 275, "toll": 0, "ne_part": "global_basic", "labelrank": 0, "ignore": 0, "add": 0, "rwdb_rd_id": 71247, "orig_fid": 36933, "uident": 0, "continent": "Oceania", "expressway": 0, "min_zoom": 3.0, "min_label": 6.0 }, "geometry": { "type": "MultiLineString", "coordinates": [ [ [ 149.84348, -36.65121 ], [ 149.835231, -36.585219 ], [ 149.880599, -36.490358 ], [ 149.864102, -36.440865 ], [ 149.979586, -36.387247 ], [ 150.12394, -36.263514 ], [ 150.099194, -36.139782 ], [ 150.049701, -36.094413 ], [ 150.103318, -35.978929 ], [ 150.082696, -35.888192 ], [ 150.128065, -35.859321 ], [ 150.128065, -35.79333 ], [ 150.293042, -35.521118 ], [ 150.466267, -35.347893 ], [ 150.433272, -35.203538 ], [ 150.470392, -35.12105 ], [ 150.569378, -35.050934 ], [ 150.606498, -34.815842 ], [ 150.796221, -34.725105 ], [ 150.837465, -34.671487 ], [ 150.76735, -34.506511 ], [ 150.796221, -34.469391 ] ] ] } },
{ "type": "Feature", "properties": { "scalerank": 6, "featurecla": "Road", "type": "Secondary Highway", "edited": "New in version 2.0.0", "question": 0, "length_km": 113, "toll": 0, "ne_part": "global_basic", "labelrank": 0, "ignore": 0, "add": 0, "rwdb_rd_id": 71249, "orig_fid": 36935, "uident": 0, "continent": "Oceania", "expressway": 0, "min_zoom": 6.0, "min_label": 8.5 }, "geometry": { "type": "MultiLineString", "coordinates": [ [ [ 143.260902, -36.626464 ], [ 143.174289, -36.65121 ], [ 143.017561, -36.626464 ], [ 142.943321, -36.680081 ], [ 142.819589, -36.642961 ], [ 142.460764, -36.618215 ], [ 142.275165, -36.642961 ] ] ] } },
{ "type": "Feature", "properties": { "scalerank": 5, "featurecla": "Road", "type": "Major Highway", "edited": "New in version 2.0.0", "question": 0, "length_km": 62, "toll": 0, "ne_part": "global_basic", "labelrank": 0, "ignore": 0, "add": 0, "rwdb_rd_id": 71250, "orig_fid": 36936, "uident": 0, "continent": "Oceania", "expressway": 0, "min_zoom": 5.0, "min_label": 8.0 }, "geometry": { "type": "MultiLineString", "coordinates": [ [ [ 149.84348, -36.65121 ], [ 149.748618, -36.642961 ], [ 149.703249, -36.684206 ], [ 149.637258, -36.68833 ], [ 149.51765, -36.638837 ], [ 149.373295, -36.634712 ], [ 149.319678, -36.597593 ] ] ] } },
{ "type": "Feature", "properties": { "scalerank": 6, "featurecla": "Road", "type": "Major Highway", "edited": "New in version 2.0.0", "question": 0, "length_km": 10, "toll": 0, "ne_part": "global_basic", "labelrank": 0, "ignore": 0, "add": 0, "rwdb_rd_id": 71252, "orig_fid": 36938, "uident": 0, "continent": "Oceania", "expressway": 0, "min_zoom": 6.0, "min_label": 8.5 }, "geometry": { "type": "MultiLineString", "coordinates": [ [ [ 142.275165, -36.642961 ], [ 142.217423, -36.717201 ] ] ] } },
{ "type": "Feature", "properties": { "scalerank": 4, "featurecla": "Road", "type": "Major Highway", "edited": "New in version 2.0.0", "question": 0, "length_km": 356, "toll": 0, "ne_part": "global_basic", "labelrank": 0, "ignore": 0, "add": 0, "rwdb_rd_id": 71253, "orig_fid": 36939, "uident": 0, "continent": "Oceania", "expressway": 0, "min_zoom": 4.0, "min_label": 7.0 }, "geometry": { "type": "MultiLineString", "coordinates": [ [ [ 139.487055, -35.290151 ], [ 139.602539, -35.409759 ], [ 139.771641, -35.504621 ], [ 139.924244, -35.776833 ], [ 140.109843, -35.945934 ], [ 140.233576, -35.983054 ], [ 140.402677, -36.156279 ], [ 140.52641, -36.18515 ], [ 140.757377, -36.304759 ], [ 140.996594, -36.354252 ], [ 141.466778, -36.416118 ], [ 141.677124, -36.341878 ], [ 141.932838, -36.391372 ], [ 142.101939, -36.498607 ], [ 142.13081, -36.642961 ], [ 142.217423, -36.717201 ] ] ] } },
{ "type": "Feature", "properties": { "scalerank": 9, "featurecla": "Road", "type": "Secondary Highway", "edited": "New in version 2.0.0", "question": 0, "length_km": 164, "toll": 0, "ne_part": "global_basic", "labelrank": 0, "ignore": 0, "add": 0, "rwdb_rd_id": 71255, "orig_fid": 36941, "uident": 0, "continent": "Oceania", "expressway": 0, "min_zoom": 7.6, "min_label": 10.1 }, "geometry": { "type": "MultiLineString", "coordinates": [ [ [ 146.923389, -36.152155 ], [ 147.026499, -36.280012 ], [ 147.014126, -36.457362 ], [ 147.141983, -36.737823 ], [ 146.960508, -36.746072 ], [ 146.655301, -36.486233 ], [ 146.337721, -36.350127 ] ] ] } },
{ "type": "Feature", "properties": { "scalerank": 6, "featurecla": "Road", "type": "Major Highway", "edited": "New in version 2.0.0", "question": 0, "length_km": 48, "toll": 0, "ne_part": "global_basic", "labelrank": 0, "ignore": 0, "add": 0, "rwdb_rd_id": 71257, "orig_fid": 36943, "uident": 0, "continent": "Oceania", "expressway": 0, "min_zoom": 6.0, "min_label": 8.5 }, "geometry": { "type": "MultiLineString", "coordinates": [ [ [ 144.609588, -36.494482 ], [ 144.539473, -36.601717 ], [ 144.349749, -36.659459 ], [ 144.271385, -36.76257 ] ] ] } },
{ "type": "Feature", "properties": { "scalerank": 4, "featurecla": "Road", "type": "Major Highway", "edited": "New in version 2.0.0", "question": 0, "length_km": 105, "toll": 0, "ne_part": "global_basic", "labelrank": 0, "ignore": 0, "add": 0, "rwdb_rd_id": 71258, "orig_fid": 36944, "uident": 0, "continent": "Oceania", "expressway": 0, "min_zoom": 4.0, "min_label": 7.0 }, "geometry": { "type": "MultiLineString", "coordinates": [ [ [ 143.937307, -35.772708 ], [ 143.933183, -36.127409 ], [ 143.982676, -36.424367 ], [ 144.271385, -36.76257 ] ] ] } },
{ "type": "Feature", "properties": { "scalerank": 9, "featurecla": "Road", "type": "Major Highway", "edited": "New in version 2.0.0", "question": 0, "length_km": 113, "toll": 0, "ne_part": "global_basic", "labelrank": 0, "ignore": 0, "add": 0, "rwdb_rd_id": 71259, "orig_fid": 36945, "uident": 0, "continent": "Oceania", "expressway": 0, "min_zoom": 7.6, "min_label": 10.1 }, "geometry": { "type": "MultiLineString", "coordinates": [ [ [ 144.271385, -36.76257 ], [ 144.131155, -36.72545 ], [ 143.59498, -36.378998 ], [ 143.347515, -36.271763 ] ] ] } },
{ "type": "Feature", "properties": { "scalerank": 3, "featurecla": "Road", "type": "Major Highway", "edited": "New in version 2.0.0", "question": 0, "length_km": 185, "toll": 0, "ne_part": "global_basic", "labelrank": 0, "ignore": 0, "add": 0, "rwdb_rd_id": 71276, "orig_fid": 36960, "uident": 0, "continent": "Oceania", "expressway": 0, "min_zoom": 3.0, "min_label": 6.0 }, "geometry": { "type": "MultiLineString", "coordinates": [ [ [ 139.462309, -35.290151 ], [ 139.37982, -35.376764 ], [ 139.346825, -35.549989 ], [ 139.371572, -35.628353 ], [ 139.31383, -35.756211 ], [ 139.606664, -36.028422 ], [ 139.84588, -36.564597 ], [ 139.870627, -36.82856 ], [ 139.928369, -36.845058 ], [ 139.95724, -36.915173 ] ] ] } },
{ "type": "Feature", "properties": { "scalerank": 6, "featurecla": "Road", "type": "Major Highway", "edited": "New in version 2.0.0", "question": 0, "length_km": 44, "toll": 0, "ne_part": "global_basic", "labelrank": 0, "ignore": 0, "add": 0, "rwdb_rd_id": 71281, "orig_fid": 36964, "uident": 0, "continent": "Oceania", "expressway": 0, "min_zoom": 6.0, "min_label": 8.5 }, "geometry": { "type": "MultiLineString", "coordinates": [ [ [ 147.546176, -36.985288 ], [ 147.476061, -36.898675 ], [ 147.517305, -36.840934 ], [ 147.438941, -36.576971 ] ] ] } },
{ "type": "Feature", "properties": { "scalerank": 3, "featurecla": "Road", "type": "Major Highway", "edited": "New in version 2.0.0", "question": 0, "length_km": 104, "toll": 0, "ne_part": "global_basic", "labelrank": 0, "ignore": 0, "add": 0, "rwdb_rd_id": 71282, "orig_fid": 36965, "uident": 0, "continent": "Oceania", "expressway": 1, "min_zoom": 3.0, "min_label": 6.0 }, "geometry": { "type": "MultiLineString", "coordinates": [ [ [ 145.991269, -36.560473 ], [ 145.780924, -36.626464 ], [ 145.558205, -36.774943 ], [ 145.269495, -36.882178 ], [ 145.137514, -36.989413 ] ] ] } },
{ "type": "Feature", "properties": { "scalerank": 3, "featurecla": "Road", "type": "Major Highway", "edited": "New in version 2.0.0", "question": 0, "length_km": 69, "toll": 0, "ne_part": "global_basic", "labelrank": 0, "ignore": 0, "add": 0, "rwdb_rd_id": 71283, "orig_fid": 36966, "uident": 0, "continent": "Oceania", "expressway": 0, "min_zoom": 3.0, "min_label": 6.0 }, "geometry": { "type": "MultiLineString", "coordinates": [ [ [ 145.405601, -36.378998 ], [ 145.389104, -36.502731 ], [ 145.339611, -36.585219 ], [ 145.248873, -36.626464 ], [ 145.154012, -36.783192 ], [ 145.137514, -36.989413 ] ] ] } },
{ "type": "Feature", "properties": { "scalerank": 7, "featurecla": "Road", "type": "Major Highway", "edited": "New in version 2.0.0", "question": 0, "length_km": 262, "toll": 0, "ne_part": "global_basic", "labelrank": 0, "ignore": 0, "add": 0, "rwdb_rd_id": 71285, "orig_fid": 36968, "uident": 0, "continent": "Oceania", "expressway": 0, "min_zoom": 7.0, "min_label": 9.5 }, "geometry": { "type": "MultiLineString", "coordinates": [ [ [ 142.217423, -36.717201 ], [ 142.114312, -36.750196 ], [ 141.974082, -36.741947 ], [ 141.631755, -36.890427 ], [ 141.52452, -36.906924 ], [ 141.318299, -37.034781 ], [ 140.819244, -36.952293 ], [ 140.353184, -37.014159 ], [ 140.336686, -36.97704 ], [ 140.196456, -36.931671 ], [ 139.95724, -36.915173 ] ] ] } },
{ "type": "Feature", "properties": { "scalerank": 4, "featurecla": "Road", "type": "Major Highway", "edited": "New in version 2.0.0", "question": 0, "length_km": 31, "toll": 0, "ne_part": "global_basic", "labelrank": 0, "ignore": 0, "add": 0, "rwdb_rd_id": 71288, "orig_fid": 36971, "uident": 0, "continent": "Oceania", "expressway": 0, "min_zoom": 4.0, "min_label": 7.0 }, "geometry": { "type": "MultiLineString", "coordinates": [ [ [ 144.271385, -36.76257 ], [ 144.221892, -36.873929 ], [ 144.254887, -36.997662 ], [ 144.221892, -37.071901 ] ] ] } },
{ "type": "Feature", "properties": { "scalerank": 6, "featurecla": "Road", "type": "Major Highway", "edited": "New in version 2.0.0", "question": 0, "length_km": 54, "toll": 0, "ne_part": "global_basic", "labelrank": 0, "ignore": 0, "add": 0, "rwdb_rd_id": 71291, "orig_fid": 36974, "uident": 0, "continent": "Oceania", "expressway": 0, "min_zoom": 6.0, "min_label": 8.5 }, "geometry": { "type": "MultiLineString", "coordinates": [ [ [ 143.260902, -36.626464 ], [ 143.293897, -36.684206 ], [ 143.277399, -36.787316 ], [ 143.34339, -36.86568 ], [ 143.339266, -36.935795 ], [ 143.475372, -37.096648 ] ] ] } },
{ "type": "Feature", "properties": { "scalerank": 7, "featurecla": "Road", "type": "Secondary Highway", "edited": "New in version 2.0.0", "question": 0, "length_km": 85, "toll": 0, "ne_part": "global_basic", "labelrank": 0, "ignore": 0, "add": 0, "rwdb_rd_id": 71295, "orig_fid": 36978, "uident": 0, "continent": "Oceania", "expressway": 0, "min_zoom": 7.0, "min_label": 9.5 }, "geometry": { "type": "MultiLineString", "coordinates": [ [ [ 144.221892, -37.071901 ], [ 144.081662, -37.113145 ], [ 143.825948, -37.055404 ], [ 143.475372, -37.096648 ] ] ] } },
{ "type": "Feature", "properties": { "scalerank": 9, "featurecla": "Road", "type": "Secondary Highway", "edited": "New in version 2.0.0", "question": 0, "length_km": 113, "toll": 0, "ne_part": "global_basic", "labelrank": 0, "ignore": 0, "add": 0, "rwdb_rd_id": 71296, "orig_fid": 36979, "uident": 0, "continent": "Oceania", "expressway": 0, "min_zoom": 7.6, "min_label": 10.1 }, "geometry": { "type": "MultiLineString", "coordinates": [ [ [ 145.991269, -36.560473 ], [ 146.02014, -36.787316 ], [ 145.987145, -36.906924 ], [ 146.086131, -37.055404 ], [ 145.809795, -37.034781 ], [ 145.714933, -36.989413 ], [ 145.620071, -37.109021 ], [ 145.636569, -37.146141 ] ] ] } },
{ "type": "Feature", "properties": { "scalerank": 6, "featurecla": "Road", "type": "Secondary Highway", "edited": "New in version 2.0.0", "question": 0, "length_km": 65, "toll": 0, "ne_part": "global_basic", "labelrank": 0, "ignore": 0, "add": 0, "rwdb_rd_id": 71303, "orig_fid": 36984, "uident": 0, "continent": "Oceania", "expressway": 0, "min_zoom": 6.0, "min_label": 8.5 }, "geometry": { "type": "MultiLineString", "coordinates": [ [ [ 145.137514, -36.989413 ], [ 145.232376, -37.142016 ], [ 145.360233, -37.208007 ], [ 145.442721, -37.22038 ], [ 145.512836, -37.170887 ], [ 145.636569, -37.146141 ] ] ] } },
{ "type": "Feature", "properties": { "scalerank": 9, "featurecla": "Road", "type": "Secondary Highway", "edited": "New in version 2.0.0", "question": 0, "length_km": 66, "toll": 0, "ne_part": "global_basic", "labelrank": 0, "ignore": 0, "add": 0, "rwdb_rd_id": 71308, "orig_fid": 36988, "uident": 0, "continent": "Oceania", "expressway": 0, "min_zoom": 7.6, "min_label": 10.1 }, "geometry": { "type": "MultiLineString", "coordinates": [ [ [ 142.947446, -37.282247 ], [ 143.038183, -37.195634 ], [ 143.413505, -37.187385 ], [ 143.475372, -37.096648 ] ] ] } },
{ "type": "Feature", "properties": { "scalerank": 4, "featurecla": "Road", "type": "Major Highway", "edited": "New in version 2.0.0", "question": 0, "length_km": 97, "toll": 0, "ne_part": "global_basic", "labelrank": 0, "ignore": 0, "add": 0, "rwdb_rd_id": 71309, "orig_fid": 36989, "uident": 0, "continent": "Oceania", "expressway": 0, "min_zoom": 4.0, "min_label": 7.0 }, "geometry": { "type": "MultiLineString", "coordinates": [ [ [ 142.217423, -36.717201 ], [ 142.749473, -37.030657 ], [ 142.947446, -37.282247 ] ] ] } },
{ "type": "Feature", "properties": { "scalerank": 3, "featurecla": "Road", "type": "Major Highway", "edited": "New in version 2.0.0", "question": 0, "length_km": 45, "toll": 0, "ne_part": "global_basic", "labelrank": 0, "ignore": 0, "add": 0, "rwdb_rd_id": 71328, "orig_fid": 37007, "uident": 0, "continent": "Oceania", "expressway": 1, "min_zoom": 3.0, "min_label": 6.0 }, "geometry": { "type": "MultiLineString", "coordinates": [ [ [ 145.137514, -36.989413 ], [ 144.993159, -37.447224 ] ] ] } },
{ "type": "Feature", "properties": { "scalerank": 9, "featurecla": "Road", "type": "Major Highway", "edited": "New in version 2.0.0", "question": 0, "length_km": 110, "toll": 0, "ne_part": "global_basic", "labelrank": 0, "ignore": 0, "add": 0, "rwdb_rd_id": 71329, "orig_fid": 37008, "uident": 0, "continent": "Oceania", "expressway": 0, "min_zoom": 7.6, "min_label": 10.1 }, "geometry": { "type": "MultiLineString", "coordinates": [ [ [ 144.993159, -37.447224 ], [ 144.94779, -37.261625 ], [ 144.73332, -36.93992 ], [ 144.527099, -36.787316 ], [ 144.271385, -36.76257 ] ] ] } },
{ "type": "Feature", "properties": { "scalerank": 6, "featurecla": "Road", "type": "Major Highway", "edited": "New in version 2.0.0", "question": 0, "length_km": 64, "toll": 0, "ne_part": "global_basic", "labelrank": 0, "ignore": 0, "add": 0, "rwdb_rd_id": 71334, "orig_fid": 37012, "uident": 0, "continent": "Oceania", "expressway": 0, "min_zoom": 6.0, "min_label": 8.5 }, "geometry": { "type": "MultiLineString", "coordinates": [ [ [ 143.475372, -37.096648 ], [ 143.528989, -37.15439 ], [ 143.528989, -37.286371 ], [ 143.854819, -37.550334 ] ] ] } },
{ "type": "Feature", "properties": { "scalerank": 4, "featurecla": "Road", "type": "Major Highway", "edited": "New in version 2.0.0", "question": 0, "length_km": 105, "toll": 0, "ne_part": "global_basic", "labelrank": 0, "ignore": 0, "add": 0, "rwdb_rd_id": 71335, "orig_fid": 37013, "uident": 0, "continent": "Oceania", "expressway": 0, "min_zoom": 4.0, "min_label": 7.0 }, "geometry": { "type": "MultiLineString", "coordinates": [ [ [ 142.947446, -37.282247 ], [ 143.384634, -37.43485 ], [ 143.673344, -37.476095 ], [ 143.854819, -37.550334 ] ] ] } },
{ "type": "Feature", "properties": { "scalerank": 6, "featurecla": "Road", "type": "Major Highway", "edited": "New in version 2.0.0", "question": 0, "length_km": 2, "toll": 0, "ne_part": "global_basic", "labelrank": 0, "ignore": 0, "add": 0, "rwdb_rd_id": 71336, "orig_fid": 37014, "uident": 0, "continent": "Oceania", "expressway": 0, "min_zoom": 6.0, "min_label": 8.5 }, "geometry": { "type": "MultiLineString", "coordinates": [ [ [ 143.854819, -37.550334 ], [ 143.867192, -37.570956 ] ] ] } },
{ "type": "Feature", "properties": { "scalerank": 4, "featurecla": "Road", "type": "Major Highway", "edited": "New in version 2.0.0", "question": 0, "length_km": 101, "toll": 0, "ne_part": "global_basic", "labelrank": 0, "ignore": 0, "add": 0, "rwdb_rd_id": 71339, "orig_fid": 37017, "uident": 0, "continent": "Oceania", "expressway": 0, "min_zoom": 4.0, "min_label": 7.0 }, "geometry": { "type": "MultiLineString", "coordinates": [ [ [ 149.146452, -37.579205 ], [ 149.20007, -37.306993 ], [ 149.299056, -37.183261 ], [ 149.294931, -37.096648 ], [ 149.220692, -36.960542 ], [ 149.282558, -36.840934 ], [ 149.261936, -36.729574 ], [ 149.319678, -36.597593 ] ] ] } },
{ "type": "Feature", "properties": { "scalerank": 3, "featurecla": "Road", "type": "Major Highway", "edited": "New in version 2.0.0", "question": 0, "length_km": 148, "toll": 0, "ne_part": "global_basic", "labelrank": 0, "ignore": 0, "add": 0, "rwdb_rd_id": 71342, "orig_fid": 37019, "uident": 0, "continent": "Oceania", "expressway": 0, "min_zoom": 3.0, "min_label": 6.0 }, "geometry": { "type": "MultiLineString", "coordinates": [ [ [ 149.146452, -37.579205 ], [ 149.307305, -37.591578 ], [ 149.389793, -37.554459 ], [ 149.476406, -37.558583 ], [ 149.723871, -37.385357 ], [ 149.818733, -37.278122 ], [ 149.901221, -37.063652 ], [ 149.880599, -36.890427 ], [ 149.822857, -36.840934 ], [ 149.84348, -36.65121 ] ] ] } },
{ "type": "Feature", "properties": { "scalerank": 9, "featurecla": "Road", "type": "Major Highway", "edited": "New in version 2.0.0", "question": 0, "length_km": 110, "toll": 0, "ne_part": "global_basic", "labelrank": 0, "ignore": 0, "add": 0, "rwdb_rd_id": 71352, "orig_fid": 37027, "uident": 0, "continent": "Oceania", "expressway": 0, "min_zoom": 7.6, "min_label": 10.1 }, "geometry": { "type": "MultiLineString", "coordinates": [ [ [ 142.217423, -36.717201 ], [ 142.143183, -36.944044 ], [ 142.209174, -37.010035 ], [ 142.192676, -37.088399 ], [ 142.233921, -37.183261 ], [ 142.200925, -37.286371 ], [ 142.151432, -37.327615 ], [ 142.143183, -37.459597 ], [ 142.035948, -37.554459 ], [ 141.998829, -37.719436 ] ] ] } },
{ "type": "Feature", "properties": { "scalerank": 7, "featurecla": "Road", "type": "Major Highway", "edited": "New in version 2.0.0", "question": 0, "length_km": 4, "toll": 0, "ne_part": "global_basic", "labelrank": 0, "ignore": 0, "add": 0, "rwdb_rd_id": 71353, "orig_fid": 37028, "uident": 0, "continent": "Oceania", "expressway": 0, "min_zoom": 7.0, "min_label": 9.5 }, "geometry": { "type": "MultiLineString", "coordinates": [ [ [ 142.031824, -37.740058 ], [ 141.998829, -37.719436 ] ] ] } },
{ "type": "Feature", "properties": { "scalerank": 7, "featurecla": "Road", "type": "Major Highway", "edited": "New in version 2.0.0", "question": 0, "length_km": 3, "toll": 0, "ne_part": "global_basic", "labelrank": 0, "ignore": 0, "add": 0, "rwdb_rd_id": 71354, "orig_fid": 37029, "uident": 0, "continent": "Oceania", "expressway": 0, "min_zoom": 7.0, "min_label": 9.5 }, "geometry": { "type": "MultiLineString", "coordinates": [ [ [ 142.031824, -37.740058 ], [ 142.05657, -37.748306 ] ] ] } },
{ "type": "Feature", "properties": { "scalerank": 7, "featurecla": "Road", "type": "Secondary Highway", "edited": "New in version 2.0.0", "question": 0, "length_km": 208, "toll": 0, "ne_part": "global_basic", "labelrank": 0, "ignore": 0, "add": 0, "rwdb_rd_id": 71355, "orig_fid": 37030, "uident": 0, "continent": "Oceania", "expressway": 0, "min_zoom": 7.0, "min_label": 9.5 }, "geometry": { "type": "MultiLineString", "coordinates": [ [ [ 142.05657, -37.748306 ], [ 142.287538, -37.665818 ], [ 142.477262, -37.636947 ], [ 142.617492, -37.645196 ], [ 142.782469, -37.715311 ], [ 143.067054, -37.682316 ], [ 143.265026, -37.715311 ], [ 143.561985, -37.68644 ], [ 143.640349, -37.678191 ], [ 143.867192, -37.570956 ] ] ] } },
{ "type": "Feature", "properties": { "scalerank": 4, "featurecla": "Road", "type": "Major Highway", "edited": "New in version 2.0.0", "question": 0, "length_km": 122, "toll": 0, "ne_part": "global_basic", "labelrank": 0, "ignore": 0, "add": 0, "rwdb_rd_id": 71359, "orig_fid": 37034, "uident": 0, "continent": "Oceania", "expressway": 1, "min_zoom": 4.0, "min_label": 7.0 }, "geometry": { "type": "MultiLineString", "coordinates": [ [ [ 143.854819, -37.550334 ], [ 144.114657, -37.554459 ], [ 144.918919, -37.7978 ] ] ] } },
{ "type": "Feature", "properties": { "scalerank": 3, "featurecla": "Road", "type": "Major Highway", "edited": "New in version 2.0.0", "question": 0, "length_km": 34, "toll": 0, "ne_part": "global_basic", "labelrank": 0, "ignore": 0, "add": 0, "rwdb_rd_id": 71363, "orig_fid": 37038, "uident": 0, "continent": "Oceania", "expressway": 1, "min_zoom": 3.0, "min_label": 6.0 }, "geometry": { "type": "MultiLineString", "coordinates": [ [ [ 144.993159, -37.447224 ], [ 144.939542, -37.575081 ], [ 144.968413, -37.810173 ] ] ] } },
{ "type": "Feature", "properties": { "scalerank": 4, "featurecla": "Road", "type": "Major Highway", "edited": "New in version 2.0.0", "question": 0, "length_km": 110, "toll": 0, "ne_part": "global_basic", "labelrank": 0, "ignore": 0, "add": 0, "rwdb_rd_id": 71364, "orig_fid": 37039, "uident": 0, "continent": "Oceania", "expressway": 1, "min_zoom": 4.0, "min_label": 7.0 }, "geometry": { "type": "MultiLineString", "coordinates": [ [ [ 144.221892, -37.071901 ], [ 144.308505, -37.096648 ], [ 144.481731, -37.282247 ], [ 144.539473, -37.418353 ], [ 144.646708, -37.558583 ], [ 144.968413, -37.810173 ] ] ] } },
{ "type": "Feature", "properties": { "scalerank": 3, "featurecla": "Road", "type": "Major Highway", "edited": "New in version 2.0.0", "question": 0, "length_km": 6, "toll": 0, "ne_part": "global_basic", "labelrank": 0, "ignore": 0, "add": 0, "rwdb_rd_id": 71365, "orig_fid": 37040, "uident": 0, "continent": "Oceania", "expressway": 0, "min_zoom": 3.0, "min_label": 6.0 }, "geometry": { "type": "MultiLineString", "coordinates": [ [ [ 144.918919, -37.7978 ], [ 144.968413, -37.810173 ] ] ] } },
{ "type": "Feature", "properties": { "scalerank": 3, "featurecla": "Road", "type": "Major Highway", "edited": "New in version 2.0.0", "question": 0, "length_km": 2, "toll": 0, "ne_part": "global_basic", "labelrank": 0, "ignore": 0, "add": 0, "rwdb_rd_id": 71366, "orig_fid": 37041, "uident": 0, "continent": "Oceania", "expressway": 0, "min_zoom": 3.0, "min_label": 6.0 }, "geometry": { "type": "MultiLineString", "coordinates": [ [ [ 144.968413, -37.810173 ], [ 144.989035, -37.818422 ] ] ] } },
{ "type": "Feature", "properties": { "scalerank": 6, "featurecla": "Road", "type": "Secondary Highway", "edited": "New in version 2.0.0", "question": 0, "length_km": 124, "toll": 0, "ne_part": "global_basic", "labelrank": 0, "ignore": 0, "add": 0, "rwdb_rd_id": 71367, "orig_fid": 37042, "uident": 0, "continent": "Oceania", "expressway": 0, "min_zoom": 6.0, "min_label": 8.5 }, "geometry": { "type": "MultiLineString", "coordinates": [ [ [ 145.636569, -37.146141 ], [ 145.694311, -37.187385 ], [ 145.714933, -37.344113 ], [ 145.644818, -37.591578 ], [ 145.232376, -37.806048 ], [ 144.989035, -37.818422 ] ] ] } },
{ "type": "Feature", "properties": { "scalerank": 6, "featurecla": "Road", "type": "Major Highway", "edited": "New in version 2.0.0", "question": 0, "length_km": 113, "toll": 0, "ne_part": "global_basic", "labelrank": 0, "ignore": 0, "add": 0, "rwdb_rd_id": 71369, "orig_fid": 37044, "uident": 0, "continent": "Oceania", "expressway": 0, "min_zoom": 6.0, "min_label": 8.5 }, "geometry": { "type": "MultiLineString", "coordinates": [ [ [ 147.546176, -36.985288 ], [ 147.599794, -37.034781 ], [ 147.603918, -37.129643 ], [ 147.69878, -37.183261 ], [ 147.707029, -37.2575 ], [ 147.818388, -37.372984 ], [ 147.834886, -37.529712 ], [ 147.87613, -37.566832 ], [ 147.892628, -37.653445 ], [ 147.649287, -37.834919 ] ] ] } },
{ "type": "Feature", "properties": { "scalerank": 7, "featurecla": "Road", "type": "Secondary Highway", "edited": "New in version 2.0.0", "question": 0, "length_km": 137, "toll": 0, "ne_part": "global_basic", "labelrank": 0, "ignore": 0, "add": 0, "rwdb_rd_id": 71371, "orig_fid": 37046, "uident": 0, "continent": "Oceania", "expressway": 0, "min_zoom": 7.0, "min_label": 9.5 }, "geometry": { "type": "MultiLineString", "coordinates": [ [ [ 141.998829, -37.719436 ], [ 141.747239, -37.612201 ], [ 141.512147, -37.562707 ], [ 141.371916, -37.595703 ], [ 141.046087, -37.76068 ], [ 140.963599, -37.76068 ], [ 140.839866, -37.843168 ] ] ] } },
{ "type": "Feature", "properties": { "scalerank": 3, "featurecla": "Road", "type": "Major Highway", "edited": "New in version 2.0.0", "question": 0, "length_km": 142, "toll": 0, "ne_part": "global_basic", "labelrank": 0, "ignore": 0, "add": 0, "rwdb_rd_id": 71372, "orig_fid": 37047, "uident": 0, "continent": "Oceania", "expressway": 0, "min_zoom": 3.0, "min_label": 6.0 }, "geometry": { "type": "MultiLineString", "coordinates": [ [ [ 140.839866, -37.843168 ], [ 140.542907, -37.735933 ], [ 140.493414, -37.669942 ], [ 140.328438, -37.616325 ], [ 140.307815, -37.529712 ], [ 140.109843, -37.298744 ], [ 140.089221, -37.109021 ], [ 139.969613, -37.001786 ], [ 139.95724, -36.915173 ] ] ] } },
{ "type": "Feature", "properties": { "scalerank": 3, "featurecla": "Road", "type": "Major Highway", "edited": "New in version 2.0.0", "question": 0, "length_km": 3, "toll": 0, "ne_part": "global_basic", "labelrank": 0, "ignore": 0, "add": 0, "rwdb_rd_id": 71375, "orig_fid": 37050, "uident": 0, "continent": "Oceania", "expressway": 0, "min_zoom": 3.0, "min_label": 6.0 }, "geometry": { "type": "MultiLineString", "coordinates": [ [ [ 144.989035, -37.818422 ], [ 145.005532, -37.851417 ] ] ] } },
{ "type": "Feature", "properties": { "scalerank": 3, "featurecla": "Road", "type": "Major Highway", "edited": "New in version 2.0.0", "question": 0, "length_km": 181, "toll": 0, "ne_part": "global_basic", "labelrank": 0, "ignore": 0, "add": 0, "rwdb_rd_id": 71377, "orig_fid": 37052, "uident": 0, "continent": "Oceania", "expressway": 0, "min_zoom": 3.0, "min_label": 6.0 }, "geometry": { "type": "MultiLineString", "coordinates": [ [ [ 147.649287, -37.834919 ], [ 147.884379, -37.82667 ], [ 147.975116, -37.884412 ], [ 148.028734, -37.859666 ], [ 148.049356, -37.777177 ], [ 148.102973, -37.744182 ], [ 148.23083, -37.777177 ], [ 148.424678, -37.76068 ], [ 148.503042, -37.715311 ], [ 148.655646, -37.727684 ], [ 148.800001, -37.690565 ], [ 148.927858, -37.599827 ], [ 149.146452, -37.579205 ] ] ] } },
{ "type": "Feature", "properties": { "scalerank": 3, "featurecla": "Road", "type": "Major Highway", "edited": "New in version 2.0.0", "question": 0, "length_km": 30, "toll": 0, "ne_part": "global_basic", "labelrank": 0, "ignore": 0, "add": 0, "rwdb_rd_id": 71393, "orig_fid": 37064, "uident": 0, "continent": "Oceania", "expressway": 1, "min_zoom": 3.0, "min_label": 6.0 }, "geometry": { "type": "MultiLineString", "coordinates": [ [ [ 145.005532, -37.851417 ], [ 145.137514, -37.913283 ], [ 145.240624, -38.016394 ] ] ] } },
{ "type": "Feature", "properties": { "scalerank": 7, "featurecla": "Road", "type": "Secondary Highway", "edited": "New in version 2.0.0", "question": 0, "length_km": 90, "toll": 0, "ne_part": "global_basic", "labelrank": 0, "ignore": 0, "add": 0, "rwdb_rd_id": 71395, "orig_fid": 37066, "uident": 0, "continent": "Oceania", "expressway": 0, "min_zoom": 7.0, "min_label": 9.5 }, "geometry": { "type": "MultiLineString", "coordinates": [ [ [ 142.05657, -37.748306 ], [ 142.151432, -37.773053 ], [ 142.291663, -37.872039 ], [ 142.34528, -37.86379 ], [ 142.580372, -37.979274 ], [ 142.745349, -38.012269 ], [ 142.803091, -38.070011 ] ] ] } },
{ "type": "Feature", "properties": { "scalerank": 3, "featurecla": "Road", "type": "Major Highway", "edited": "New in version 2.0.0", "question": 0, "length_km": 78, "toll": 0, "ne_part": "global_basic", "labelrank": 0, "ignore": 0, "add": 0, "rwdb_rd_id": 71398, "orig_fid": 37069, "uident": 0, "continent": "Oceania", "expressway": 0, "min_zoom": 3.0, "min_label": 6.0 }, "geometry": { "type": "MultiLineString", "coordinates": [ [ [ 147.063619, -38.107131 ], [ 147.059495, -38.004021 ], [ 147.09249, -37.966901 ], [ 147.649287, -37.834919 ] ] ] } },
{ "type": "Feature", "properties": { "scalerank": 3, "featurecla": "Road", "type": "Major Highway", "edited": "New in version 2.0.0", "question": 0, "length_km": 72, "toll": 0, "ne_part": "global_basic", "labelrank": 0, "ignore": 0, "add": 0, "rwdb_rd_id": 71400, "orig_fid": 37071, "uident": 0, "continent": "Oceania", "expressway": 1, "min_zoom": 3.0, "min_label": 6.0 }, "geometry": { "type": "MultiLineString", "coordinates": [ [ [ 144.353874, -38.127753 ], [ 144.366247, -38.070011 ], [ 144.481731, -37.995772 ], [ 144.918919, -37.7978 ] ] ] } },
{ "type": "Feature", "properties": { "scalerank": 6, "featurecla": "Road", "type": "Major Highway", "edited": "New in version 2.0.0", "question": 0, "length_km": 77, "toll": 0, "ne_part": "global_basic", "labelrank": 0, "ignore": 0, "add": 0, "rwdb_rd_id": 71401, "orig_fid": 37072, "uident": 0, "continent": "Oceania", "expressway": 0, "min_zoom": 6.0, "min_label": 8.5 }, "geometry": { "type": "MultiLineString", "coordinates": [ [ [ 143.867192, -37.570956 ], [ 143.896063, -37.657569 ], [ 143.970302, -37.694689 ], [ 144.168275, -38.016394 ], [ 144.353874, -38.127753 ] ] ] } },
{ "type": "Feature", "properties": { "scalerank": 3, "featurecla": "Road", "type": "Major Highway", "edited": "New in version 2.0.0", "question": 0, "length_km": 1, "toll": 0, "ne_part": "global_basic", "labelrank": 0, "ignore": 0, "add": 0, "rwdb_rd_id": 71402, "orig_fid": 37073, "uident": 0, "continent": "Oceania", "expressway": 0, "min_zoom": 3.0, "min_label": 6.0 }, "geometry": { "type": "MultiLineString", "coordinates": [ [ [ 144.353874, -38.144251 ], [ 144.353874, -38.127753 ] ] ] } },
{ "type": "Feature", "properties": { "scalerank": 7, "featurecla": "Road", "type": "Secondary Highway", "edited": "New in version 2.0.0", "question": 0, "length_km": 176, "toll": 0, "ne_part": "global_basic", "labelrank": 0, "ignore": 0, "add": 0, "rwdb_rd_id": 71403, "orig_fid": 37074, "uident": 0, "continent": "Oceania", "expressway": 0, "min_zoom": 7.0, "min_label": 9.5 }, "geometry": { "type": "MultiLineString", "coordinates": [ [ [ 142.803091, -38.070011 ], [ 142.939197, -38.053514 ], [ 143.149542, -37.966901 ], [ 143.397008, -37.958652 ], [ 143.722837, -38.053514 ], [ 144.353874, -38.144251 ] ] ] } },
{ "type": "Feature", "properties": { "scalerank": 7, "featurecla": "Road", "type": "Major Highway", "edited": "New in version 2.0.0", "question": 0, "length_km": 59, "toll": 0, "ne_part": "global_basic", "labelrank": 0, "ignore": 0, "add": 0, "rwdb_rd_id": 71404, "orig_fid": 37075, "uident": 0, "continent": "Oceania", "expressway": 0, "min_zoom": 7.0, "min_label": 9.5 }, "geometry": { "type": "MultiLineString", "coordinates": [ [ [ 142.031824, -37.740058 ], [ 141.821478, -37.847293 ], [ 141.644128, -38.144251 ] ] ] } },
{ "type": "Feature", "properties": { "scalerank": 3, "featurecla": "Road", "type": "Major Highway", "edited": "New in version 2.0.0", "question": 0, "length_km": 96, "toll": 0, "ne_part": "global_basic", "labelrank": 0, "ignore": 0, "add": 0, "rwdb_rd_id": 71405, "orig_fid": 37076, "uident": 0, "continent": "Oceania", "expressway": 0, "min_zoom": 3.0, "min_label": 6.0 }, "geometry": { "type": "MultiLineString", "coordinates": [ [ [ 141.644128, -38.144251 ], [ 141.615257, -38.086509 ], [ 141.433783, -37.987523 ], [ 141.046087, -37.851417 ], [ 140.839866, -37.843168 ] ] ] } },
{ "type": "Feature", "properties": { "scalerank": 3, "featurecla": "Road", "type": "Major Highway", "edited": "New in version 2.0.0", "question": 0, "length_km": 58, "toll": 0, "ne_part": "global_basic", "labelrank": 0, "ignore": 0, "add": 0, "rwdb_rd_id": 71408, "orig_fid": 37079, "uident": 0, "continent": "Oceania", "expressway": 0, "min_zoom": 3.0, "min_label": 6.0 }, "geometry": { "type": "MultiLineString", "coordinates": [ [ [ 146.548066, -38.18962 ], [ 146.890393, -38.107131 ], [ 147.063619, -38.107131 ] ] ] } },
{ "type": "Feature", "properties": { "scalerank": 3, "featurecla": "Road", "type": "Major Highway", "edited": "New in version 2.0.0", "question": 0, "length_km": 131, "toll": 0, "ne_part": "global_basic", "labelrank": 0, "ignore": 0, "add": 0, "rwdb_rd_id": 71411, "orig_fid": 37082, "uident": 0, "continent": "Oceania", "expressway": 1, "min_zoom": 3.0, "min_label": 6.0 }, "geometry": { "type": "MultiLineString", "coordinates": [ [ [ 145.240624, -38.016394 ], [ 145.818043, -38.090634 ], [ 145.929403, -38.181371 ], [ 146.147997, -38.201993 ], [ 146.263481, -38.177246 ], [ 146.37484, -38.234988 ] ] ] } },
{ "type": "Feature", "properties": { "scalerank": 3, "featurecla": "Road", "type": "Major Highway", "edited": "New in version 2.0.0", "question": 0, "length_km": 20, "toll": 0, "ne_part": "global_basic", "labelrank": 0, "ignore": 0, "add": 0, "rwdb_rd_id": 71412, "orig_fid": 37083, "uident": 0, "continent": "Oceania", "expressway": 0, "min_zoom": 3.0, "min_label": 6.0 }, "geometry": { "type": "MultiLineString", "coordinates": [ [ [ 146.37484, -38.234988 ], [ 146.548066, -38.18962 ] ] ] } },
{ "type": "Feature", "properties": { "scalerank": 6, "featurecla": "Road", "type": "Major Highway", "edited": "New in version 2.0.0", "question": 0, "length_km": 35, "toll": 0, "ne_part": "global_basic", "labelrank": 0, "ignore": 0, "add": 0, "rwdb_rd_id": 71417, "orig_fid": 37087, "uident": 0, "continent": "Oceania", "expressway": 0, "min_zoom": 6.0, "min_label": 8.5 }, "geometry": { "type": "MultiLineString", "coordinates": [ [ [ 144.353874, -38.144251 ], [ 144.650832, -38.267984 ] ] ] } },
{ "type": "Feature", "properties": { "scalerank": 6, "featurecla": "Road", "type": "Major Highway", "edited": "New in version 2.0.0", "question": 0, "length_km": 45, "toll": 0, "ne_part": "global_basic", "labelrank": 0, "ignore": 0, "add": 0, "rwdb_rd_id": 71418, "orig_fid": 37088, "uident": 0, "continent": "Oceania", "expressway": 0, "min_zoom": 6.0, "min_label": 8.5 }, "geometry": { "type": "MultiLineString", "coordinates": [ [ [ 145.549956, -38.284481 ], [ 145.492214, -38.214366 ], [ 145.368481, -38.197868 ], [ 145.240624, -38.016394 ] ] ] } },
{ "type": "Feature", "properties": { "scalerank": 3, "featurecla": "Road", "type": "Major Highway", "edited": "New in version 2.0.0", "question": 0, "length_km": 13, "toll": 0, "ne_part": "global_basic", "labelrank": 0, "ignore": 0, "add": 0, "rwdb_rd_id": 71419, "orig_fid": 37089, "uident": 0, "continent": "Oceania", "expressway": 0, "min_zoom": 3.0, "min_label": 6.0 }, "geometry": { "type": "MultiLineString", "coordinates": [ [ [ 141.627631, -38.288606 ], [ 141.644128, -38.144251 ] ] ] } },
{ "type": "Feature", "properties": { "scalerank": 6, "featurecla": "Road", "type": "Major Highway", "edited": "New in version 2.0.0", "question": 0, "length_km": 7, "toll": 0, "ne_part": "global_basic", "labelrank": 0, "ignore": 0, "add": 0, "rwdb_rd_id": 71421, "orig_fid": 37091, "uident": 0, "continent": "Oceania", "expressway": 0, "min_zoom": 6.0, "min_label": 8.5 }, "geometry": { "type": "MultiLineString", "coordinates": [ [ [ 141.627631, -38.288606 ], [ 141.611133, -38.346348 ] ] ] } },
{ "type": "Feature", "properties": { "scalerank": 7, "featurecla": "Road", "type": "Secondary Highway", "edited": "New in version 2.0.0", "question": 0, "length_km": 44, "toll": 0, "ne_part": "global_basic", "labelrank": 0, "ignore": 0, "add": 0, "rwdb_rd_id": 71425, "orig_fid": 37095, "uident": 0, "continent": "Oceania", "expressway": 0, "min_zoom": 7.0, "min_label": 9.5 }, "geometry": { "type": "MultiLineString", "coordinates": [ [ [ 142.510257, -38.358721 ], [ 142.518506, -38.325726 ], [ 142.642238, -38.263859 ], [ 142.671109, -38.168998 ], [ 142.803091, -38.070011 ] ] ] } },
{ "type": "Feature", "properties": { "scalerank": 3, "featurecla": "Road", "type": "Major Highway", "edited": "New in version 2.0.0", "question": 0, "length_km": 216, "toll": 0, "ne_part": "global_basic", "labelrank": 0, "ignore": 0, "add": 0, "rwdb_rd_id": 71426, "orig_fid": 37096, "uident": 0, "continent": "Oceania", "expressway": 0, "min_zoom": 3.0, "min_label": 6.0 }, "geometry": { "type": "MultiLineString", "coordinates": [ [ [ 142.510257, -38.358721 ], [ 142.625741, -38.375219 ], [ 143.087676, -38.214366 ], [ 143.285648, -38.247362 ], [ 143.392883, -38.342223 ], [ 143.607353, -38.338099 ], [ 144.106408, -38.218491 ], [ 144.300256, -38.210242 ], [ 144.353874, -38.144251 ] ] ] } },
{ "type": "Feature", "properties": { "scalerank": 3, "featurecla": "Road", "type": "Major Highway", "edited": "New in version 2.0.0", "question": 0, "length_km": 104, "toll": 0, "ne_part": "global_basic", "labelrank": 0, "ignore": 0, "add": 0, "rwdb_rd_id": 71429, "orig_fid": 37098, "uident": 0, "continent": "Oceania", "expressway": 0, "min_zoom": 3.0, "min_label": 6.0 }, "geometry": { "type": "MultiLineString", "coordinates": [ [ [ 141.627631, -38.288606 ], [ 141.81323, -38.214366 ], [ 141.998829, -38.263859 ], [ 142.200925, -38.383467 ], [ 142.394773, -38.321601 ], [ 142.510257, -38.358721 ] ] ] } },
{ "type": "Feature", "properties": { "scalerank": 6, "featurecla": "Road", "type": "Major Highway", "edited": "New in version 2.0.0", "question": 0, "length_km": 90, "toll": 0, "ne_part": "global_basic", "labelrank": 0, "ignore": 0, "add": 0, "rwdb_rd_id": 71431, "orig_fid": 37100, "uident": 0, "continent": "Oceania", "expressway": 1, "min_zoom": 6.0, "min_label": 8.5 }, "geometry": { "type": "MultiLineString", "coordinates": [ [ [ 145.005532, -37.851417 ], [ 145.149887, -38.082385 ], [ 145.034403, -38.325726 ], [ 144.819933, -38.387592 ], [ 144.712698, -38.333974 ] ] ] } },
{ "type": "Feature", "properties": { "scalerank": 6, "featurecla": "Road", "type": "Secondary Highway", "edited": "New in version 2.0.0", "question": 0, "length_km": 54, "toll": 0, "ne_part": "global_basic", "labelrank": 0, "ignore": 0, "add": 0, "rwdb_rd_id": 71437, "orig_fid": 37106, "uident": 0, "continent": "Oceania", "expressway": 0, "min_zoom": 6.0, "min_label": 8.5 }, "geometry": { "type": "MultiLineString", "coordinates": [ [ [ 145.950025, -38.482454 ], [ 146.168619, -38.395841 ], [ 146.37484, -38.234988 ] ] ] } },
{ "type": "Feature", "properties": { "scalerank": 6, "featurecla": "Road", "type": "Major Highway", "edited": "New in version 2.0.0", "question": 0, "length_km": 50, "toll": 0, "ne_part": "global_basic", "labelrank": 0, "ignore": 0, "add": 0, "rwdb_rd_id": 71438, "orig_fid": 37107, "uident": 0, "continent": "Oceania", "expressway": 0, "min_zoom": 6.0, "min_label": 8.5 }, "geometry": { "type": "MultiLineString", "coordinates": [ [ [ 145.950025, -38.482454 ], [ 145.904656, -38.445334 ], [ 145.776799, -38.424712 ], [ 145.549956, -38.284481 ] ] ] } },
{ "type": "Feature", "properties": { "scalerank": 7, "featurecla": "Road", "type": "Secondary Highway", "edited": "New in version 2.0.0", "question": 0, "length_km": 49, "toll": 0, "ne_part": "global_basic", "labelrank": 0, "ignore": 0, "add": 0, "rwdb_rd_id": 71444, "orig_fid": 37112, "uident": 0, "continent": "Oceania", "expressway": 0, "min_zoom": 7.0, "min_label": 9.5 }, "geometry": { "type": "MultiLineString", "coordinates": [ [ [ 146.548066, -38.18962 ], [ 146.680048, -38.263859 ], [ 146.725416, -38.36697 ], [ 146.754287, -38.36697 ], [ 146.708919, -38.552569 ] ] ] } },
{ "type": "Feature", "properties": { "scalerank": 6, "featurecla": "Road", "type": "Major Highway", "edited": "New in version 2.0.0", "question": 0, "length_km": 65, "toll": 0, "ne_part": "global_basic", "labelrank": 0, "ignore": 0, "add": 0, "rwdb_rd_id": 71447, "orig_fid": 37114, "uident": 0, "continent": "Oceania", "expressway": 0, "min_zoom": 6.0, "min_label": 8.5 }, "geometry": { "type": "MultiLineString", "coordinates": [ [ [ 147.063619, -38.107131 ], [ 147.084241, -38.177246 ], [ 146.944011, -38.457707 ], [ 146.816154, -38.552569 ], [ 146.708919, -38.552569 ] ] ] } },
{ "type": "Feature", "properties": { "scalerank": 7, "featurecla": "Road", "type": "Secondary Highway", "edited": "New in version 2.0.0", "question": 0, "length_km": 88, "toll": 0, "ne_part": "global_basic", "labelrank": 0, "ignore": 0, "add": 0, "rwdb_rd_id": 71451, "orig_fid": 37117, "uident": 0, "continent": "Oceania", "expressway": 0, "min_zoom": 7.0, "min_label": 9.5 }, "geometry": { "type": "MultiLineString", "coordinates": [ [ [ 145.549956, -38.284481 ], [ 145.566454, -38.383467 ], [ 145.459219, -38.515449 ], [ 145.479841, -38.552569 ], [ 145.714933, -38.635057 ], [ 145.826292, -38.589689 ], [ 145.950025, -38.482454 ] ] ] } },
{ "type": "Feature", "properties": { "scalerank": 6, "featurecla": "Road", "type": "Major Highway", "edited": "New in version 2.0.0", "question": 0, "length_km": 96, "toll": 0, "ne_part": "global_basic", "labelrank": 0, "ignore": 0, "add": 0, "rwdb_rd_id": 71454, "orig_fid": 37120, "uident": 0, "continent": "Oceania", "expressway": 0, "min_zoom": 6.0, "min_label": 8.5 }, "geometry": { "type": "MultiLineString", "coordinates": [ [ [ 146.708919, -38.552569 ], [ 146.655301, -38.626808 ], [ 146.378965, -38.676301 ], [ 145.98302, -38.573191 ], [ 145.950025, -38.482454 ] ] ] } },
{ "type": "Feature", "properties": { "scalerank": 7, "featurecla": "Road", "type": "Secondary Highway", "edited": "New in version 2.0.0", "question": 0, "length_km": 63, "toll": 0, "ne_part": "global_basic", "labelrank": 0, "ignore": 0, "add": 0, "rwdb_rd_id": 71559, "orig_fid": 37210, "uident": 0, "continent": "Oceania", "expressway": 0, "min_zoom": 7.0, "min_label": 9.5 }, "geometry": { "type": "MultiLineString", "coordinates": [ [ [ 144.06104, -40.049734 ], [ 143.999173, -40.024988 ], [ 144.02392, -39.97137 ], [ 143.995049, -39.946624 ], [ 143.863067, -39.93425 ], [ 143.933183, -39.703283 ], [ 143.978551, -39.645541 ] ] ] } },
{ "type": "Feature", "properties": { "scalerank": 7, "featurecla": "Road", "type": "Secondary Highway", "edited": "New in version 2.0.0", "question": 0, "length_km": 43, "toll": 0, "ne_part": "global_basic", "labelrank": 0, "ignore": 0, "add": 0, "rwdb_rd_id": 71566, "orig_fid": 37217, "uident": 0, "continent": "Oceania", "expressway": 0, "min_zoom": 7.0, "min_label": 9.5 }, "geometry": { "type": "MultiLineString", "coordinates": [ [ [ 147.917374, -40.004365 ], [ 148.057605, -40.14872 ], [ 148.226706, -40.173467 ], [ 148.239079, -40.206462 ] ] ] } },
{ "type": "Feature", "properties": { "scalerank": 6, "featurecla": "Road", "type": "Major Highway", "edited": "New in version 2.0.0", "question": 0, "length_km": 6, "toll": 0, "ne_part": "global_basic", "labelrank": 0, "ignore": 0, "add": 0, "rwdb_rd_id": 71600, "orig_fid": 37249, "uident": 0, "continent": "Oceania", "expressway": 0, "min_zoom": 6.0, "min_label": 8.5 }, "geometry": { "type": "MultiLineString", "coordinates": [ [ [ 145.257122, -40.812752 ], [ 145.285993, -40.759135 ] ] ] } },
{ "type": "Feature", "properties": { "scalerank": 6, "featurecla": "Road", "type": "Major Highway", "edited": "New in version 2.0.0", "question": 0, "length_km": 69, "toll": 0, "ne_part": "global_basic", "labelrank": 0, "ignore": 0, "add": 0, "rwdb_rd_id": 71607, "orig_fid": 37254, "uident": 0, "continent": "Oceania", "expressway": 0, "min_zoom": 6.0, "min_label": 8.5 }, "geometry": { "type": "MultiLineString", "coordinates": [ [ [ 144.700325, -40.919987 ], [ 144.956039, -40.961231 ], [ 144.989035, -40.903489 ], [ 145.257122, -40.812752 ] ] ] } },
{ "type": "Feature", "properties": { "scalerank": 7, "featurecla": "Road", "type": "Secondary Highway", "edited": "New in version 2.0.0", "question": 0, "length_km": 2, "toll": 0, "ne_part": "global_basic", "labelrank": 0, "ignore": 0, "add": 0, "rwdb_rd_id": 71608, "orig_fid": 37255, "uident": 0, "continent": "Oceania", "expressway": 0, "min_zoom": 7.0, "min_label": 9.5 }, "geometry": { "type": "MultiLineString", "coordinates": [ [ [ 147.397697, -41.018973 ], [ 147.385324, -41.002476 ] ] ] } },
{ "type": "Feature", "properties": { "scalerank": 6, "featurecla": "Road", "type": "Major Highway", "edited": "New in version 2.0.0", "question": 0, "length_km": 71, "toll": 0, "ne_part": "global_basic", "labelrank": 0, "ignore": 0, "add": 0, "rwdb_rd_id": 71612, "orig_fid": 37259, "uident": 0, "continent": "Oceania", "expressway": 0, "min_zoom": 6.0, "min_label": 8.5 }, "geometry": { "type": "MultiLineString", "coordinates": [ [ [ 145.257122, -40.812752 ], [ 145.314864, -40.858121 ], [ 145.467468, -40.886992 ], [ 145.537583, -40.957107 ], [ 145.653067, -40.948858 ], [ 145.834541, -41.047844 ] ] ] } },
{ "type": "Feature", "properties": { "scalerank": 7, "featurecla": "Road", "type": "Secondary Highway", "edited": "New in version 2.0.0", "question": 0, "length_km": 65, "toll": 0, "ne_part": "global_basic", "labelrank": 0, "ignore": 0, "add": 0, "rwdb_rd_id": 71614, "orig_fid": 37261, "uident": 0, "continent": "Oceania", "expressway": 0, "min_zoom": 7.0, "min_label": 9.5 }, "geometry": { "type": "MultiLineString", "coordinates": [ [ [ 147.397697, -41.018973 ], [ 147.509057, -41.0066 ], [ 147.62454, -40.924112 ], [ 147.748273, -40.911738 ], [ 147.810139, -40.93236 ], [ 147.801891, -41.0066 ], [ 147.83901, -41.109711 ] ] ] } },
{ "type": "Feature", "properties": { "scalerank": 7, "featurecla": "Road", "type": "Secondary Highway", "edited": "New in version 2.0.0", "question": 0, "length_km": 59, "toll": 0, "ne_part": "global_basic", "labelrank": 0, "ignore": 0, "add": 0, "rwdb_rd_id": 71615, "orig_fid": 37262, "uident": 0, "continent": "Oceania", "expressway": 0, "min_zoom": 7.0, "min_label": 9.5 }, "geometry": { "type": "MultiLineString", "coordinates": [ [ [ 146.886269, -41.117959 ], [ 147.022375, -41.117959 ], [ 147.397697, -41.018973 ] ] ] } },
{ "type": "Feature", "properties": { "scalerank": 5, "featurecla": "Road", "type": "Major Highway", "edited": "New in version 2.0.0", "question": 0, "length_km": 10, "toll": 0, "ne_part": "global_basic", "labelrank": 0, "ignore": 0, "add": 0, "rwdb_rd_id": 71616, "orig_fid": 37263, "uident": 0, "continent": "Oceania", "expressway": 0, "min_zoom": 5.0, "min_label": 8.0 }, "geometry": { "type": "MultiLineString", "coordinates": [ [ [ 146.824403, -41.060218 ], [ 146.832651, -41.105586 ], [ 146.886269, -41.117959 ] ] ] } },
{ "type": "Feature", "properties": { "scalerank": 7, "featurecla": "Road", "type": "Secondary Highway", "edited": "New in version 2.0.0", "question": 0, "length_km": 18, "toll": 0, "ne_part": "global_basic", "labelrank": 0, "ignore": 0, "add": 0, "rwdb_rd_id": 71622, "orig_fid": 37269, "uident": 0, "continent": "Oceania", "expressway": 0, "min_zoom": 7.0, "min_label": 9.5 }, "geometry": { "type": "MultiLineString", "coordinates": [ [ [ 147.517305, -41.159204 ], [ 147.397697, -41.018973 ] ] ] } },
{ "type": "Feature", "properties": { "scalerank": 5, "featurecla": "Road", "type": "Major Highway", "edited": "New in version 2.0.0", "question": 0, "length_km": 60, "toll": 0, "ne_part": "global_basic", "labelrank": 0, "ignore": 0, "add": 0, "rwdb_rd_id": 71626, "orig_fid": 37272, "uident": 0, "continent": "Oceania", "expressway": 0, "min_zoom": 5.0, "min_label": 8.0 }, "geometry": { "type": "MultiLineString", "coordinates": [ [ [ 145.834541, -41.047844 ], [ 146.152122, -41.167452 ], [ 146.350094, -41.196323 ] ] ] } },
{ "type": "Feature", "properties": { "scalerank": 5, "featurecla": "Road", "type": "Major Highway", "edited": "New in version 2.0.0", "question": 0, "length_km": 41, "toll": 0, "ne_part": "global_basic", "labelrank": 0, "ignore": 0, "add": 0, "rwdb_rd_id": 71627, "orig_fid": 37273, "uident": 0, "continent": "Oceania", "expressway": 0, "min_zoom": 5.0, "min_label": 8.0 }, "geometry": { "type": "MultiLineString", "coordinates": [ [ [ 147.83901, -41.109711 ], [ 147.669909, -41.200448 ], [ 147.649287, -41.171577 ], [ 147.554425, -41.196323 ], [ 147.517305, -41.159204 ] ] ] } },
{ "type": "Feature", "properties": { "scalerank": 3, "featurecla": "Road", "type": "Major Highway", "edited": "New in version 2.0.0", "question": 0, "length_km": 13, "toll": 0, "ne_part": "global_basic", "labelrank": 0, "ignore": 0, "add": 0, "rwdb_rd_id": 71631, "orig_fid": 37277, "uident": 0, "continent": "Oceania", "expressway": 0, "min_zoom": 3.0, "min_label": 6.0 }, "geometry": { "type": "MultiLineString", "coordinates": [ [ [ 146.350094, -41.196323 ], [ 146.457329, -41.249941 ] ] ] } },
{ "type": "Feature", "properties": { "scalerank": 7, "featurecla": "Road", "type": "Major Highway", "edited": "New in version 2.0.0", "question": 0, "length_km": 58, "toll": 0, "ne_part": "global_basic", "labelrank": 0, "ignore": 0, "add": 0, "rwdb_rd_id": 71641, "orig_fid": 37287, "uident": 0, "continent": "Oceania", "expressway": 0, "min_zoom": 7.0, "min_label": 9.5 }, "geometry": { "type": "MultiLineString", "coordinates": [ [ [ 146.944011, -41.303558 ], [ 146.824403, -41.365425 ], [ 146.655301, -41.266439 ], [ 146.457329, -41.249941 ] ] ] } },
{ "type": "Feature", "properties": { "scalerank": 5, "featurecla": "Road", "type": "Major Highway", "edited": "New in version 2.0.0", "question": 0, "length_km": 40, "toll": 0, "ne_part": "global_basic", "labelrank": 0, "ignore": 0, "add": 0, "rwdb_rd_id": 71647, "orig_fid": 37292, "uident": 0, "continent": "Oceania", "expressway": 0, "min_zoom": 5.0, "min_label": 8.0 }, "geometry": { "type": "MultiLineString", "coordinates": [ [ [ 146.886269, -41.117959 ], [ 147.100739, -41.353051 ], [ 147.133734, -41.443789 ] ] ] } },
{ "type": "Feature", "properties": { "scalerank": 6, "featurecla": "Road", "type": "Major Highway", "edited": "New in version 2.0.0", "question": 0, "length_km": 61, "toll": 0, "ne_part": "global_basic", "labelrank": 0, "ignore": 0, "add": 0, "rwdb_rd_id": 71648, "orig_fid": 37293, "uident": 0, "continent": "Oceania", "expressway": 0, "min_zoom": 6.0, "min_label": 8.5 }, "geometry": { "type": "MultiLineString", "coordinates": [ [ [ 146.741914, -41.093213 ], [ 146.774909, -41.109711 ], [ 146.758412, -41.167452 ], [ 146.80378, -41.163328 ], [ 146.849149, -41.233443 ], [ 147.133734, -41.443789 ] ] ] } },
{ "type": "Feature", "properties": { "scalerank": 5, "featurecla": "Road", "type": "Major Highway", "edited": "New in version 2.0.0", "question": 0, "length_km": 56, "toll": 0, "ne_part": "global_basic", "labelrank": 0, "ignore": 0, "add": 0, "rwdb_rd_id": 71649, "orig_fid": 37294, "uident": 0, "continent": "Oceania", "expressway": 0, "min_zoom": 5.0, "min_label": 8.0 }, "geometry": { "type": "MultiLineString", "coordinates": [ [ [ 147.517305, -41.159204 ], [ 147.418319, -41.270563 ], [ 147.372951, -41.270563 ], [ 147.3812, -41.303558 ], [ 147.240969, -41.443789 ], [ 147.133734, -41.443789 ] ] ] } },
{ "type": "Feature", "properties": { "scalerank": 4, "featurecla": "Road", "type": "Major Highway", "edited": "New in version 2.0.0", "question": 0, "length_km": 3, "toll": 0, "ne_part": "global_basic", "labelrank": 0, "ignore": 0, "add": 0, "rwdb_rd_id": 71652, "orig_fid": 37297, "uident": 0, "continent": "Oceania", "expressway": 0, "min_zoom": 4.0, "min_label": 7.0 }, "geometry": { "type": "MultiLineString", "coordinates": [ [ [ 147.133734, -41.443789 ], [ 147.141983, -41.476784 ] ] ] } },
{ "type": "Feature", "properties": { "scalerank": 5, "featurecla": "Road", "type": "Major Highway", "edited": "New in version 2.0.0", "question": 0, "length_km": 73, "toll": 0, "ne_part": "global_basic", "labelrank": 0, "ignore": 0, "add": 0, "rwdb_rd_id": 71658, "orig_fid": 37303, "uident": 0, "continent": "Oceania", "expressway": 0, "min_zoom": 5.0, "min_label": 8.0 }, "geometry": { "type": "MultiLineString", "coordinates": [ [ [ 148.247328, -41.513904 ], [ 148.280324, -41.39842 ], [ 148.23083, -41.320056 ], [ 148.082351, -41.25819 ], [ 147.98749, -41.282936 ], [ 147.83901, -41.109711 ] ] ] } },
{ "type": "Feature", "properties": { "scalerank": 3, "featurecla": "Road", "type": "Major Highway", "edited": "New in version 2.0.0", "question": 0, "length_km": 34, "toll": 0, "ne_part": "global_basic", "labelrank": 0, "ignore": 0, "add": 0, "rwdb_rd_id": 71659, "orig_fid": 37304, "uident": 0, "continent": "Oceania", "expressway": 0, "min_zoom": 3.0, "min_label": 6.0 }, "geometry": { "type": "MultiLineString", "coordinates": [ [ [ 146.457329, -41.249941 ], [ 146.527444, -41.332429 ], [ 146.568688, -41.468535 ], [ 146.651177, -41.526277 ] ] ] } },
{ "type": "Feature", "properties": { "scalerank": 3, "featurecla": "Road", "type": "Major Highway", "edited": "New in version 2.0.0", "question": 0, "length_km": 56, "toll": 0, "ne_part": "global_basic", "labelrank": 0, "ignore": 0, "add": 0, "rwdb_rd_id": 71660, "orig_fid": 37305, "uident": 0, "continent": "Oceania", "expressway": 0, "min_zoom": 3.0, "min_label": 6.0 }, "geometry": { "type": "MultiLineString", "coordinates": [ [ [ 146.651177, -41.526277 ], [ 147.022375, -41.530402 ], [ 147.141983, -41.476784 ] ] ] } },
{ "type": "Feature", "properties": { "scalerank": 3, "featurecla": "Road", "type": "Major Highway", "edited": "New in version 2.0.0", "question": 0, "length_km": 10, "toll": 0, "ne_part": "global_basic", "labelrank": 0, "ignore": 0, "add": 0, "rwdb_rd_id": 71661, "orig_fid": 37306, "uident": 0, "continent": "Oceania", "expressway": 0, "min_zoom": 3.0, "min_label": 6.0 }, "geometry": { "type": "MultiLineString", "coordinates": [ [ [ 147.170854, -41.571646 ], [ 147.141983, -41.476784 ] ] ] } },
{ "type": "Feature", "properties": { "scalerank": 7, "featurecla": "Road", "type": "Major Highway", "edited": "New in version 2.0.0", "question": 0, "length_km": 97, "toll": 0, "ne_part": "global_basic", "labelrank": 0, "ignore": 0, "add": 0, "rwdb_rd_id": 71670, "orig_fid": 37314, "uident": 0, "continent": "Oceania", "expressway": 0, "min_zoom": 7.0, "min_label": 9.5 }, "geometry": { "type": "MultiLineString", "coordinates": [ [ [ 147.443066, -41.839733 ], [ 147.702904, -41.802614 ], [ 148.024609, -41.596392 ], [ 148.197835, -41.579895 ], [ 148.247328, -41.513904 ] ] ] } },
{ "type": "Feature", "properties": { "scalerank": 3, "featurecla": "Road", "type": "Major Highway", "edited": "New in version 2.0.0", "question": 0, "length_km": 38, "toll": 0, "ne_part": "global_basic", "labelrank": 0, "ignore": 0, "add": 0, "rwdb_rd_id": 71671, "orig_fid": 37315, "uident": 0, "continent": "Oceania", "expressway": 0, "min_zoom": 3.0, "min_label": 6.0 }, "geometry": { "type": "MultiLineString", "coordinates": [ [ [ 147.443066, -41.839733 ], [ 147.170854, -41.571646 ] ] ] } },
{ "type": "Feature", "properties": { "scalerank": 3, "featurecla": "Road", "type": "Major Highway", "edited": "New in version 2.0.0", "question": 0, "length_km": 10, "toll": 0, "ne_part": "global_basic", "labelrank": 0, "ignore": 0, "add": 0, "rwdb_rd_id": 71676, "orig_fid": 37319, "uident": 0, "continent": "Oceania", "expressway": 0, "min_zoom": 3.0, "min_label": 6.0 }, "geometry": { "type": "MultiLineString", "coordinates": [ [ [ 147.488434, -41.934595 ], [ 147.443066, -41.839733 ] ] ] } },
{ "type": "Feature", "properties": { "scalerank": 7, "featurecla": "Road", "type": "Secondary Highway", "edited": "New in version 2.0.0", "question": 0, "length_km": 69, "toll": 0, "ne_part": "global_basic", "labelrank": 0, "ignore": 0, "add": 0, "rwdb_rd_id": 71679, "orig_fid": 37322, "uident": 0, "continent": "Oceania", "expressway": 0, "min_zoom": 7.0, "min_label": 9.5 }, "geometry": { "type": "MultiLineString", "coordinates": [ [ [ 147.170854, -41.571646 ], [ 147.113112, -41.584019 ], [ 147.071868, -41.691254 ], [ 146.989379, -41.748996 ], [ 146.993504, -41.781991 ], [ 146.853273, -41.819111 ], [ 146.828527, -41.876853 ], [ 146.861522, -41.951093 ], [ 146.816154, -42.029457 ] ] ] } },
{ "type": "Feature", "properties": { "scalerank": 7, "featurecla": "Road", "type": "Major Highway", "edited": "New in version 2.0.0", "question": 0, "length_km": 69, "toll": 0, "ne_part": "global_basic", "labelrank": 0, "ignore": 0, "add": 0, "rwdb_rd_id": 71680, "orig_fid": 37323, "uident": 0, "continent": "Oceania", "expressway": 0, "min_zoom": 7.0, "min_label": 9.5 }, "geometry": { "type": "MultiLineString", "coordinates": [ [ [ 146.651177, -41.526277 ], [ 146.642928, -41.588144 ], [ 146.733665, -41.678881 ], [ 146.667674, -41.810862 ], [ 146.688297, -41.872729 ], [ 146.667674, -41.975839 ], [ 146.816154, -42.029457 ] ] ] } },
{ "type": "Feature", "properties": { "scalerank": 5, "featurecla": "Road", "type": "Major Highway", "edited": "New in version 2.0.0", "question": 0, "length_km": 73, "toll": 0, "ne_part": "global_basic", "labelrank": 0, "ignore": 0, "add": 0, "rwdb_rd_id": 71681, "orig_fid": 37324, "uident": 0, "continent": "Oceania", "expressway": 0, "min_zoom": 5.0, "min_label": 8.0 }, "geometry": { "type": "MultiLineString", "coordinates": [ [ [ 148.247328, -41.513904 ], [ 148.30507, -41.617015 ], [ 148.251453, -41.781991 ], [ 148.255577, -41.856231 ], [ 148.296821, -41.885102 ], [ 148.144218, -41.988213 ], [ 148.069978, -42.00471 ], [ 148.05348, -42.054203 ] ] ] } },
{ "type": "Feature", "properties": { "scalerank": 7, "featurecla": "Road", "type": "Secondary Highway", "edited": "New in version 2.0.0", "question": 0, "length_km": 66, "toll": 0, "ne_part": "global_basic", "labelrank": 0, "ignore": 0, "add": 0, "rwdb_rd_id": 71682, "orig_fid": 37325, "uident": 0, "continent": "Oceania", "expressway": 0, "min_zoom": 7.0, "min_label": 9.5 }, "geometry": { "type": "MultiLineString", "coordinates": [ [ [ 147.488434, -41.934595 ], [ 147.591545, -41.942844 ], [ 147.740024, -42.021208 ], [ 147.999863, -42.017083 ], [ 148.05348, -42.054203 ] ] ] } },
{ "type": "Feature", "properties": { "scalerank": 5, "featurecla": "Road", "type": "Major Highway", "edited": "New in version 2.0.0", "question": 0, "length_km": 146, "toll": 0, "ne_part": "global_basic", "labelrank": 0, "ignore": 0, "add": 0, "rwdb_rd_id": 71683, "orig_fid": 37326, "uident": 0, "continent": "Oceania", "expressway": 0, "min_zoom": 5.0, "min_label": 8.0 }, "geometry": { "type": "MultiLineString", "coordinates": [ [ [ 145.834541, -41.047844 ], [ 145.620071, -41.216946 ], [ 145.599449, -41.266439 ], [ 145.620071, -41.278812 ], [ 145.578827, -41.29531 ], [ 145.574703, -41.386047 ], [ 145.677813, -41.571646 ], [ 145.66544, -41.61289 ], [ 145.615947, -41.633512 ], [ 145.611822, -41.765494 ], [ 145.409726, -41.814987 ], [ 145.384979, -41.880978 ], [ 145.537583, -42.058328 ] ] ] } },
{ "type": "Feature", "properties": { "scalerank": 7, "featurecla": "Road", "type": "Secondary Highway", "edited": "New in version 2.0.0", "question": 0, "length_km": 34, "toll": 0, "ne_part": "global_basic", "labelrank": 0, "ignore": 0, "add": 0, "rwdb_rd_id": 71686, "orig_fid": 37329, "uident": 0, "continent": "Oceania", "expressway": 0, "min_zoom": 7.0, "min_label": 9.5 }, "geometry": { "type": "MultiLineString", "coordinates": [ [ [ 145.537583, -42.058328 ], [ 145.48809, -42.083074 ], [ 145.483965, -42.157314 ], [ 145.405601, -42.173812 ], [ 145.31074, -42.144941 ] ] ] } },
{ "type": "Feature", "properties": { "scalerank": 3, "featurecla": "Road", "type": "Major Highway", "edited": "New in version 2.0.0", "question": 0, "length_km": 66, "toll": 0, "ne_part": "global_basic", "labelrank": 0, "ignore": 0, "add": 0, "rwdb_rd_id": 71696, "orig_fid": 37339, "uident": 0, "continent": "Oceania", "expressway": 0, "min_zoom": 3.0, "min_label": 6.0 }, "geometry": { "type": "MultiLineString", "coordinates": [ [ [ 147.183227, -42.479019 ], [ 147.385324, -42.29342 ], [ 147.405946, -42.231553 ], [ 147.3812, -42.177936 ], [ 147.496683, -41.992337 ], [ 147.488434, -41.934595 ] ] ] } },
{ "type": "Feature", "properties": { "scalerank": 7, "featurecla": "Road", "type": "Major Highway", "edited": "New in version 2.0.0", "question": 0, "length_km": 61, "toll": 0, "ne_part": "global_basic", "labelrank": 0, "ignore": 0, "add": 0, "rwdb_rd_id": 71697, "orig_fid": 37340, "uident": 0, "continent": "Oceania", "expressway": 0, "min_zoom": 7.0, "min_label": 9.5 }, "geometry": { "type": "MultiLineString", "coordinates": [ [ [ 146.816154, -42.029457 ], [ 146.890393, -42.107821 ], [ 146.898642, -42.194434 ], [ 146.997628, -42.384157 ], [ 147.12961, -42.413028 ], [ 147.183227, -42.479019 ] ] ] } },
{ "type": "Feature", "properties": { "scalerank": 3, "featurecla": "Road", "type": "Major Highway", "edited": "New in version 2.0.0", "question": 0, "length_km": 28, "toll": 0, "ne_part": "global_basic", "labelrank": 0, "ignore": 0, "add": 0, "rwdb_rd_id": 71713, "orig_fid": 37354, "uident": 0, "continent": "Oceania", "expressway": 0, "min_zoom": 3.0, "min_label": 6.0 }, "geometry": { "type": "MultiLineString", "coordinates": [ [ [ 147.216223, -42.751231 ], [ 147.257467, -42.676991 ], [ 147.183227, -42.479019 ] ] ] } },
{ "type": "Feature", "properties": { "scalerank": 5, "featurecla": "Road", "type": "Major Highway", "edited": "New in version 2.0.0", "question": 0, "length_km": 224, "toll": 0, "ne_part": "global_basic", "labelrank": 0, "ignore": 0, "add": 0, "rwdb_rd_id": 71719, "orig_fid": 37359, "uident": 0, "continent": "Oceania", "expressway": 0, "min_zoom": 5.0, "min_label": 8.0 }, "geometry": { "type": "MultiLineString", "coordinates": [ [ [ 145.537583, -42.058328 ], [ 145.62832, -42.070701 ], [ 145.644818, -42.111945 ], [ 145.694311, -42.091323 ], [ 145.884034, -42.128443 ], [ 145.933527, -42.190309 ], [ 146.086131, -42.21918 ], [ 146.27173, -42.11607 ], [ 146.37484, -42.161438 ], [ 146.453205, -42.149065 ], [ 146.502698, -42.177936 ], [ 146.502698, -42.210931 ], [ 146.420209, -42.322291 ], [ 146.605808, -42.392406 ], [ 146.754287, -42.532636 ], [ 146.869771, -42.553258 ], [ 146.964633, -42.726484 ], [ 147.063619, -42.775977 ] ] ] } },
{ "type": "Feature", "properties": { "scalerank": 5, "featurecla": "Road", "type": "Major Highway", "edited": "New in version 2.0.0", "question": 0, "length_km": 107, "toll": 0, "ne_part": "global_basic", "labelrank": 0, "ignore": 0, "add": 0, "rwdb_rd_id": 71721, "orig_fid": 37361, "uident": 0, "continent": "Oceania", "expressway": 0, "min_zoom": 5.0, "min_label": 8.0 }, "geometry": { "type": "MultiLineString", "coordinates": [ [ [ 148.05348, -42.054203 ], [ 148.065854, -42.169687 ], [ 147.925623, -42.33054 ], [ 147.921499, -42.487268 ], [ 147.859632, -42.561507 ], [ 147.542052, -42.652244 ], [ 147.513181, -42.718235 ], [ 147.55855, -42.784226 ] ] ] } },
{ "type": "Feature", "properties": { "scalerank": 5, "featurecla": "Road", "type": "Major Highway", "edited": "New in version 2.0.0", "question": 0, "length_km": 18, "toll": 0, "ne_part": "global_basic", "labelrank": 0, "ignore": 0, "add": 0, "rwdb_rd_id": 71722, "orig_fid": 37362, "uident": 0, "continent": "Oceania", "expressway": 0, "min_zoom": 5.0, "min_label": 8.0 }, "geometry": { "type": "MultiLineString", "coordinates": [ [ [ 147.063619, -42.775977 ], [ 147.216223, -42.751231 ] ] ] } },
{ "type": "Feature", "properties": { "scalerank": 6, "featurecla": "Road", "type": "Secondary Highway", "edited": "New in version 2.0.0", "question": 0, "length_km": 125, "toll": 0, "ne_part": "global_basic", "labelrank": 0, "ignore": 0, "add": 0, "rwdb_rd_id": 71725, "orig_fid": 37365, "uident": 0, "continent": "Oceania", "expressway": 0, "min_zoom": 6.0, "min_label": 8.5 }, "geometry": { "type": "MultiLineString", "coordinates": [ [ [ 146.053136, -42.767728 ], [ 146.209864, -42.86259 ], [ 146.279979, -42.821346 ], [ 146.378965, -42.817221 ], [ 146.424334, -42.726484 ], [ 146.581062, -42.767728 ], [ 146.733665, -42.68524 ], [ 146.845025, -42.68524 ], [ 146.993504, -42.775977 ], [ 147.063619, -42.775977 ] ] ] } },
{ "type": "Feature", "properties": { "scalerank": 5, "featurecla": "Road", "type": "Major Highway", "edited": "New in version 2.0.0", "question": 0, "length_km": 28, "toll": 0, "ne_part": "global_basic", "labelrank": 0, "ignore": 0, "add": 0, "rwdb_rd_id": 71726, "orig_fid": 37366, "uident": 0, "continent": "Oceania", "expressway": 0, "min_zoom": 5.0, "min_label": 8.0 }, "geometry": { "type": "MultiLineString", "coordinates": [ [ [ 147.55855, -42.784226 ], [ 147.323458, -42.879088 ] ] ] } },
{ "type": "Feature", "properties": { "scalerank": 3, "featurecla": "Road", "type": "Major Highway", "edited": "New in version 2.0.0", "question": 0, "length_km": 16, "toll": 0, "ne_part": "global_basic", "labelrank": 0, "ignore": 0, "add": 0, "rwdb_rd_id": 71727, "orig_fid": 37367, "uident": 0, "continent": "Oceania", "expressway": 0, "min_zoom": 3.0, "min_label": 6.0 }, "geometry": { "type": "MultiLineString", "coordinates": [ [ [ 147.323458, -42.879088 ], [ 147.216223, -42.751231 ] ] ] } },
{ "type": "Feature", "properties": { "scalerank": 6, "featurecla": "Road", "type": "Major Highway", "edited": "New in version 2.0.0", "question": 0, "length_km": 2, "toll": 0, "ne_part": "global_basic", "labelrank": 0, "ignore": 0, "add": 0, "rwdb_rd_id": 71729, "orig_fid": 37369, "uident": 0, "continent": "Oceania", "expressway": 0, "min_zoom": 6.0, "min_label": 8.5 }, "geometry": { "type": "MultiLineString", "coordinates": [ [ [ 147.323458, -42.879088 ], [ 147.30696, -42.895585 ] ] ] } },
{ "type": "Feature", "properties": { "scalerank": 6, "featurecla": "Road", "type": "Major Highway", "edited": "New in version 2.0.0", "question": 0, "length_km": 32, "toll": 0, "ne_part": "global_basic", "labelrank": 0, "ignore": 0, "add": 0, "rwdb_rd_id": 71736, "orig_fid": 37375, "uident": 0, "continent": "Oceania", "expressway": 0, "min_zoom": 6.0, "min_label": 8.5 }, "geometry": { "type": "MultiLineString", "coordinates": [ [ [ 147.30696, -42.895585 ], [ 147.207974, -42.969825 ], [ 147.096614, -42.982198 ], [ 147.051246, -43.031691 ] ] ] } },
{ "type": "Feature", "properties": { "scalerank": 7, "featurecla": "Road", "type": "Major Highway", "edited": "New in version 2.0.0", "question": 0, "length_km": 66, "toll": 0, "ne_part": "global_basic", "labelrank": 0, "ignore": 0, "add": 0, "rwdb_rd_id": 71742, "orig_fid": 37381, "uident": 0, "continent": "Oceania", "expressway": 0, "min_zoom": 7.0, "min_label": 9.5 }, "geometry": { "type": "MultiLineString", "coordinates": [ [ [ 147.55855, -42.784226 ], [ 147.797766, -42.82547 ], [ 147.810139, -42.887337 ], [ 147.925623, -43.00282 ], [ 147.867881, -43.052313 ], [ 147.843135, -43.147175 ] ] ] } },
{ "type": "Feature", "properties": { "scalerank": 7, "featurecla": "Road", "type": "Secondary Highway", "edited": "New in version 2.0.0", "question": 0, "length_km": 71, "toll": 0, "ne_part": "global_basic", "labelrank": 0, "ignore": 0, "add": 0, "rwdb_rd_id": 71750, "orig_fid": 37388, "uident": 0, "continent": "Oceania", "expressway": 0, "min_zoom": 7.0, "min_label": 9.5 }, "geometry": { "type": "MultiLineString", "coordinates": [ [ [ 147.30696, -42.895585 ], [ 147.23272, -43.097682 ], [ 147.220347, -43.270908 ], [ 147.170854, -43.275032 ], [ 147.133734, -43.184295 ], [ 147.038872, -43.122429 ], [ 147.051246, -43.031691 ] ] ] } },
{ "type": "Feature", "properties": { "scalerank": 6, "featurecla": "Road", "type": "Major Highway", "edited": "New in version 2.0.0", "question": 0, "length_km": 52, "toll": 0, "ne_part": "global_basic", "labelrank": 0, "ignore": 0, "add": 0, "rwdb_rd_id": 71755, "orig_fid": 37393, "uident": 0, "continent": "Oceania", "expressway": 0, "min_zoom": 6.0, "min_label": 8.5 }, "geometry": { "type": "MultiLineString", "coordinates": [ [ [ 147.051246, -43.031691 ], [ 146.919264, -43.176046 ], [ 147.010002, -43.262659 ], [ 147.010002, -43.312152 ], [ 146.95226, -43.349272 ], [ 146.968757, -43.43176 ] ] ] } },
{ "type": "Feature", "properties": { "scalerank": 3, "featurecla": "Road", "type": "Major Highway", "edited": "New in version 2.0.0", "question": 0, "length_km": 50, "toll": 0, "ne_part": "global_basic", "labelrank": 0, "ignore": 0, "add": 0, "rwdb_rd_id": 69409, "orig_fid": 37725, "uident": 0, "continent": "Oceania", "expressway": 0, "min_zoom": 3.0, "min_label": 6.0 }, "geometry": { "type": "MultiLineString", "coordinates": [ [ [ 152.590345, -26.138058 ], [ 152.689331, -26.224671 ], [ 152.771819, -26.389648 ], [ 152.91205, -26.443265 ] ] ] } },
{ "type": "Feature", "properties": { "scalerank": 3, "featurecla": "Road", "type": "Major Highway", "edited": "New in version 2.0.0", "question": 0, "length_km": 81, "toll": 0, "ne_part": "global_basic", "labelrank": 0, "ignore": 0, "add": 0, "rwdb_rd_id": 69859, "orig_fid": 37726, "uident": 0, "continent": "Oceania", "expressway": 0, "min_zoom": 3.0, "min_label": 6.0 }, "geometry": { "type": "MultiLineString", "coordinates": [ [ [ 153.530713, -28.225016 ], [ 153.510091, -28.282757 ], [ 153.402856, -28.348748 ], [ 153.510091, -28.488979 ], [ 153.538962, -28.579716 ], [ 153.526589, -28.83543 ], [ 153.489469, -28.889048 ] ] ] } },
{ "type": "Feature", "properties": { "scalerank": 3, "featurecla": "Road", "type": "Major Highway", "edited": "New in version 2.0.0", "question": 0, "length_km": 62, "toll": 0, "ne_part": "global_basic", "labelrank": 0, "ignore": 0, "add": 0, "rwdb_rd_id": 70833, "orig_fid": 37727, "uident": 0, "continent": "Oceania", "expressway": 1, "min_zoom": 3.0, "min_label": 6.0 }, "geometry": { "type": "MultiLineString", "coordinates": [ [ [ 151.348894, -33.33105 ], [ 151.439631, -33.199069 ], [ 151.456129, -33.079461 ], [ 151.530368, -32.947479 ], [ 151.670599, -32.815497 ] ] ] } },
{ "type": "Feature", "properties": { "scalerank": 6, "featurecla": "Road", "type": "Major Highway", "edited": "New in version 2.0.0", "question": 0, "length_km": 71, "toll": 0, "ne_part": "global_basic", "labelrank": 0, "ignore": 0, "add": 0, "rwdb_rd_id": 0, "orig_fid": 37728, "uident": 0, "continent": "Oceania", "expressway": 1, "min_zoom": 6.0, "min_label": 8.5 }, "geometry": { "type": "MultiLineString", "coordinates": [ [ [ 150.783848, -33.995082 ], [ 150.783848, -33.755866 ], [ 150.849839, -33.578516 ], [ 151.113802, -33.698124 ] ] ] } },
{ "type": "Feature", "properties": { "scalerank": 3, "featurecla": "Road", "type": "Major Highway", "edited": "New in version 2.0.0", "question": 0, "length_km": 73, "toll": 0, "ne_part": "global_basic", "labelrank": 0, "ignore": 0, "add": 0, "rwdb_rd_id": 71247, "orig_fid": 37729, "uident": 0, "continent": "Oceania", "expressway": 1, "min_zoom": 3.0, "min_label": 6.0 }, "geometry": { "type": "MultiLineString", "coordinates": [ [ [ 150.796221, -34.469391 ], [ 150.858087, -34.419898 ], [ 150.870461, -34.316787 ], [ 150.924078, -34.267294 ], [ 150.998318, -34.094068 ], [ 151.183917, -33.875474 ] ] ] } },
{ "type": "Feature", "properties": { "scalerank": 4, "featurecla": "Road", "type": "Major Highway", "edited": "New in version 2.0.0", "question": 0, "length_km": 62, "toll": 0, "ne_part": "global_basic", "labelrank": 0, "ignore": 0, "add": 0, "rwdb_rd_id": 70834, "orig_fid": 37730, "uident": 0, "continent": "Oceania", "expressway": 1, "min_zoom": 4.0, "min_label": 7.0 }, "geometry": { "type": "MultiLineString", "coordinates": [ [ [ 151.183917, -33.875474 ], [ 150.763226, -33.75999 ], [ 150.643617, -33.755866 ] ] ] } },
{ "type": "Feature", "properties": { "scalerank": 3, "featurecla": "Road", "type": "Major Highway", "edited": "New in version 2.0.0", "question": 0, "length_km": 27, "toll": 0, "ne_part": "global_basic", "labelrank": 0, "ignore": 0, "add": 0, "rwdb_rd_id": 71127, "orig_fid": 37731, "uident": 0, "continent": "Oceania", "expressway": 0, "min_zoom": 3.0, "min_label": 6.0 }, "geometry": { "type": "MultiLineString", "coordinates": [ [ [ 139.251963, -35.162294 ], [ 139.462309, -35.290151 ] ] ] } },
{ "type": "Feature", "properties": { "scalerank": 3, "featurecla": "Road", "type": "Major Highway", "edited": "New in version 2.0.0", "question": 0, "length_km": 44, "toll": 0, "ne_part": "global_basic", "labelrank": 0, "ignore": 0, "add": 0, "rwdb_rd_id": 70690, "orig_fid": 37732, "uident": 0, "continent": "Oceania", "expressway": 1, "min_zoom": 3.0, "min_label": 6.0 }, "geometry": { "type": "MultiLineString", "coordinates": [ [ [ 115.751006, -32.040106 ], [ 115.779876, -32.205083 ], [ 115.746881, -32.489668 ] ] ] } },
{ "type": "Feature", "properties": { "scalerank": 6, "featurecla": "Road", "type": "Track", "edited": "New in version 2.0.0", "question": 0, "length_km": 144, "toll": 0, "ne_part": "global_basic", "labelrank": 0, "ignore": 0, "add": 0, "rwdb_rd_id": 68161, "orig_fid": 37742, "uident": 0, "continent": "Oceania", "expressway": 0, "min_zoom": 6.0, "min_label": 8.5 }, "geometry": { "type": "MultiLineString", "coordinates": [ [ [ 117.421397, -22.879764 ], [ 117.466765, -22.83852 ], [ 117.503885, -22.727161 ], [ 117.582249, -22.673543 ], [ 117.656489, -22.549811 ], [ 117.883332, -22.421954 ], [ 117.990567, -22.207484 ], [ 118.097802, -22.15799 ], [ 118.370014, -22.248728 ] ] ] } },
{ "type": "Feature", "properties": { "scalerank": 7, "featurecla": "Ferry", "type": "Ferry Route", "edited": "New in version 2.0.0", "question": 0, "length_km": 83, "toll": 0, "ne_part": "global_basic", "labelrank": 0, "ignore": 0, "add": 0, "rwdb_rd_id": 0, "orig_fid": 37743, "uident": 0, "continent": "Oceania", "expressway": 0, "min_zoom": 7.0, "min_label": 9.5 }, "geometry": { "type": "MultiLineString", "coordinates": [ [ [ 137.610443, -33.924967 ], [ 136.995904, -33.813608 ], [ 136.909292, -33.706373 ] ] ] } },
{ "type": "Feature", "properties": { "scalerank": 7, "featurecla": "Ferry", "type": "Ferry Route", "edited": "New in version 2.0.0", "question": 0, "length_km": 375, "toll": 0, "ne_part": "global_basic", "labelrank": 0, "ignore": 0, "add": 0, "rwdb_rd_id": 0, "orig_fid": 37744, "uident": 0, "continent": "Oceania", "expressway": 0, "min_zoom": 7.0, "min_label": 9.5 }, "geometry": { "type": "MultiLineString", "coordinates": [ [ [ 144.964288, -37.880288 ], [ 144.964288, -38.251486 ], [ 144.885924, -38.284481 ], [ 144.745694, -38.276233 ], [ 144.654956, -38.317477 ], [ 144.66733, -38.375219 ], [ 146.329472, -41.167452 ] ] ] } },
{ "type": "Feature", "properties": { "scalerank": 7, "featurecla": "Ferry", "type": "Ferry Route", "edited": "New in version 2.0.0", "question": 0, "length_km": 77, "toll": 0, "ne_part": "global_basic", "labelrank": 0, "ignore": 0, "add": 0, "rwdb_rd_id": 0, "orig_fid": 37745, "uident": 0, "continent": "Oceania", "expressway": 0, "min_zoom": 7.0, "min_label": 9.5 }, "geometry": { "type": "MultiLineString", "coordinates": [ [ [ 130.838142, -12.416105 ], [ 130.648419, -11.735576 ] ] ] } },
{ "type": "Feature", "properties": { "scalerank": 6, "featurecla": "Road", "type": "Secondary Highway", "edited": "New in version 2.0.0", "question": 0, "length_km": 158, "toll": 0, "ne_part": "global_basic", "labelrank": 0, "ignore": 0, "add": 0, "rwdb_rd_id": 66522, "orig_fid": 37746, "uident": 0, "continent": "Oceania", "expressway": 0, "min_zoom": 6.0, "min_label": 8.5 }, "geometry": { "type": "MultiLineString", "coordinates": [ [ [ 124.766993, -17.431403 ], [ 124.651509, -17.464398 ], [ 124.432914, -17.443776 ], [ 124.239066, -17.468522 ], [ 123.678145, -17.365412 ], [ 123.744136, -17.468522 ], [ 123.756509, -17.666495 ] ] ] } },
{ "type": "Feature", "properties": { "scalerank": 6, "featurecla": "Road", "type": "Secondary Highway", "edited": "New in version 2.0.0", "question": 0, "length_km": 102, "toll": 0, "ne_part": "global_basic", "labelrank": 0, "ignore": 0, "add": 0, "rwdb_rd_id": 66620, "orig_fid": 37747, "uident": 0, "continent": "Oceania", "expressway": 0, "min_zoom": 6.0, "min_label": 8.5 }, "geometry": { "type": "MultiLineString", "coordinates": [ [ [ 136.286504, -16.099214 ], [ 136.109154, -16.140458 ], [ 136.059661, -16.222947 ], [ 136.092656, -16.371426 ], [ 136.006043, -16.519905 ], [ 135.733831, -16.672509 ] ] ] } }
]
}
